{
  "resourceType": "Bundle",
  "type": "transaction",
  "entry": [
    {
      "fullUrl": "urn:uuid:e9218366-782c-46f5-b087-def243436b1f",
      "resource": {
        "resourceType": "Patient",
        "meta": {
          "profile": [
            "http://testSK.org/StructureDefinition/patient-age-gender-snomed-profile"
          ]
        },
        "extension": [
          {
            "url": "http://testSK.org/StructureDefinition/gender-snomed-ext",
            "valueCodeableConcept": {
              "coding": [
                {
                  "system": "http://snomed.info/sct",
                  "code": "248152002",
                  "display": "Female (finding)"
                }
              ]
            }
          },
          {
            "url": "http://testSK.org/StructureDefinition/patient-age-ext",
            "valueInteger": 78
          }
        ]
      },
      "request": {
        "method": "POST",
        "url": "Patient"
      }
    },
    {
      "fullUrl": "urn:uuid:aad0f5e7-10cc-41bf-986d-8d66a42655ea",
      "resource": {
        "resourceType": "Encounter",
        "meta": {
          "profile": [
            "http://testSK.org/StructureDefinition/stroke-encounter-profile"
          ]
        },
        "extension": [
          {
            "url": "http://testSK.org/StructureDefinition/initial-care-intensity-ext",
            "valueCodeableConcept": {
              "coding": [
                {
                  "system": "http://testSK.org/CodeSystem/initial-care-intensity-cs",
                  "code": "icu-stroke",
                  "display": "ICU / Stroke Unit"
                }
              ]
            }
          },
          {
            "url": "http://testSK.org/StructureDefinition/first-hospital-ext",
            "valueBoolean": true
          },
          {
            "url": "http://testSK.org/StructureDefinition/required-post-acute-care-ext",
            "valueBoolean": true
          }
        ],
        "status": "completed",
        "class": [
          {
            "coding": [
              {
                "system": "http://terminology.hl7.org/CodeSystem/v3-ActCode",
                "code": "IMP",
                "display": "inpatient encounter"
              }
            ]
          }
        ],
        "subject": {
          "reference": "urn:uuid:e9218366-782c-46f5-b087-def243436b1f"
        },
        "actualPeriod": {
          "start": "2024-10-16T00:48:00+02:00",
          "end": "2024-10-21T10:38:00+02:00"
        },
        "admission": {
          "admitSource": {
            "coding": [
              {
                "system": "http://testSK.org/CodeSystem/stroke-arrival-mode-cs",
                "code": "ems-home",
                "display": "EMS from Home"
              }
            ]
          },
          "dischargeDisposition": {
            "coding": [
              {
                "system": "http://snomed.info/sct",
                "code": "306689006",
                "display": "Discharge to home (procedure)"
              }
            ]
          }
        }
      },
      "request": {
        "method": "POST",
        "url": "Encounter"
      }
    },
    {
      "fullUrl": "urn:uuid:4f226d6e-267b-4216-b9e5-3f0188b4d984",
      "resource": {
        "resourceType": "Condition",
        "meta": {
          "profile": [
            "http://testSK.org/StructureDefinition/stroke-diagnosis-condition-profile"
          ]
        },
        "extension": [
          {
            "url": "http://testSK.org/StructureDefinition/ischemic-stroke-etiology-ext",
            "valueCodeableConcept": {
              "coding": [
                {
                  "system": "http://snomed.info/sct",
                  "code": "413758000",
                  "display": "Cardioembolic stroke (disorder)"
                }
              ]
            }
          },
          {
            "url": "http://testSK.org/StructureDefinition/onset-date-ext",
            "valueDate": "2024-10-15"
          },
          {
            "url": "http://testSK.org/StructureDefinition/onset-time-ext",
            "valueTime": "18:38:00"
          }
        ],
        "clinicalStatus": {
          "coding": [
            {
              "system": "http://terminology.hl7.org/CodeSystem/condition-clinical",
              "code": "active",
              "display": "Active"
            }
          ]
        },
        "verificationStatus": {
          "coding": [
            {
              "system": "http://terminology.hl7.org/CodeSystem/condition-ver-status",
              "code": "confirmed",
              "display": "Confirmed"
            }
          ]
        },
        "code": {
          "coding": [
            {
              "system": "http://snomed.info/sct",
              "code": "422504002",
              "display": "Ischemic stroke (disorder)"
            }
          ]
        },
        "subject": {
          "reference": "urn:uuid:e9218366-782c-46f5-b087-def243436b1f"
        },
        "encounter": {
          "reference": "urn:uuid:aad0f5e7-10cc-41bf-986d-8d66a42655ea"
        }
      },
      "request": {
        "method": "POST",
        "url": "Condition"
      }
    },
    {
      "fullUrl": "urn:uuid:b33ff890-4964-4b12-b855-a803d9a31fba",
      "resource": {
        "resourceType": "Condition",
        "meta": {
          "profile": [
            "http://testSK.org/StructureDefinition/stroke-risk-factor-condition-profile"
          ]
        },
        "clinicalStatus": {
          "coding": [
            {
              "system": "http://terminology.hl7.org/CodeSystem/condition-clinical",
              "code": "remission",
              "display": "Remission"
            }
          ]
        },
        "code": {
          "coding": [
            {
              "system": "http://snomed.info/sct",
              "code": "230690007",
              "display": "Cerebrovascular accident (disorder)"
            }
          ]
        },
        "subject": {
          "reference": "urn:uuid:e9218366-782c-46f5-b087-def243436b1f"
        },
        "encounter": {
          "reference": "urn:uuid:aad0f5e7-10cc-41bf-986d-8d66a42655ea"
        }
      },
      "request": {
        "method": "POST",
        "url": "Condition"
      }
    },
    {
      "fullUrl": "urn:uuid:09dd2237-da87-4d32-bbc3-f0cae227c04b",
      "resource": {
        "resourceType": "Condition",
        "meta": {
          "profile": [
            "http://testSK.org/StructureDefinition/stroke-risk-factor-condition-profile"
          ]
        },
        "clinicalStatus": {
          "coding": [
            {
              "system": "http://terminology.hl7.org/CodeSystem/condition-clinical",
              "code": "remission",
              "display": "Remission"
            }
          ]
        },
        "code": {
          "coding": [
            {
              "system": "http://snomed.info/sct",
              "code": "230706003",
              "display": "Hemorrhagic cerebral infarction (disorder)"
            }
          ]
        },
        "subject": {
          "reference": "urn:uuid:e9218366-782c-46f5-b087-def243436b1f"
        },
        "encounter": {
          "reference": "urn:uuid:aad0f5e7-10cc-41bf-986d-8d66a42655ea"
        }
      },
      "request": {
        "method": "POST",
        "url": "Condition"
      }
    },
    {
      "fullUrl": "urn:uuid:a106ee36-4d7e-408a-9d94-32680a3d5864",
      "resource": {
        "resourceType": "Condition",
        "meta": {
          "profile": [
            "http://testSK.org/StructureDefinition/stroke-risk-factor-condition-profile"
          ]
        },
        "clinicalStatus": {
          "coding": [
            {
              "system": "http://terminology.hl7.org/CodeSystem/condition-clinical",
              "code": "active",
              "display": "Active"
            }
          ]
        },
        "verificationStatus": {
          "coding": [
            {
              "system": "http://terminology.hl7.org/CodeSystem/condition-ver-status",
              "code": "differential",
              "display": "Differential"
            }
          ]
        },
        "code": {
          "coding": [
            {
              "system": "http://snomed.info/sct",
              "code": "49436004",
              "display": "Atrial fibrillation (disorder)"
            }
          ]
        },
        "subject": {
          "reference": "urn:uuid:e9218366-782c-46f5-b087-def243436b1f"
        },
        "encounter": {
          "reference": "urn:uuid:aad0f5e7-10cc-41bf-986d-8d66a42655ea"
        }
      },
      "request": {
        "method": "POST",
        "url": "Condition"
      }
    },
    {
      "fullUrl": "urn:uuid:a42d2adf-6271-461f-8660-4dd2829412cd",
      "resource": {
        "resourceType": "Condition",
        "meta": {
          "profile": [
            "http://testSK.org/StructureDefinition/stroke-risk-factor-condition-profile"
          ]
        },
        "clinicalStatus": {
          "coding": [
            {
              "system": "http://terminology.hl7.org/CodeSystem/condition-clinical",
              "code": "active",
              "display": "Active"
            }
          ]
        },
        "code": {
          "coding": [
            {
              "system": "http://snomed.info/sct",
              "code": "53741008",
              "display": "Coronary arteriosclerosis (disorder)"
            }
          ]
        },
        "subject": {
          "reference": "urn:uuid:e9218366-782c-46f5-b087-def243436b1f"
        },
        "encounter": {
          "reference": "urn:uuid:aad0f5e7-10cc-41bf-986d-8d66a42655ea"
        }
      },
      "request": {
        "method": "POST",
        "url": "Condition"
      }
    },
    {
      "fullUrl": "urn:uuid:43824263-760a-4cc1-a4f0-f68c6363e5cc",
      "resource": {
        "resourceType": "Observation",
        "meta": {
          "profile": [
            "http://testSK.org/StructureDefinition/functional-score-observation-profile"
          ]
        },
        "extension": [
          {
            "url": "http://testSK.org/StructureDefinition/observation-timing-context-ext",
            "valueCodeableConcept": {
              "coding": [
                {
                  "system": "http://testSK.org/CodeSystem/assessment-context-cs",
                  "code": "pre-stroke",
                  "display": "Pre-stroke"
                }
              ]
            }
          }
        ],
        "status": "final",
        "category": [
          {
            "coding": [
              {
                "system": "http://terminology.hl7.org/CodeSystem/observation-category",
                "code": "exam",
                "display": "Exam"
              }
            ]
          }
        ],
        "code": {
          "coding": [
            {
              "system": "http://snomed.info/sct",
              "code": "1255866005",
              "display": "Modified Rankin Scale score (observable entity)"
            }
          ]
        },
        "subject": {
          "reference": "urn:uuid:e9218366-782c-46f5-b087-def243436b1f"
        },
        "encounter": {
          "reference": "urn:uuid:aad0f5e7-10cc-41bf-986d-8d66a42655ea"
        },
        "valueCodeableConcept": {
          "coding": [
            {
              "system": "http://testSK.org/CodeSystem/mrs-score-cs",
              "code": "2",
              "display": "Slight disability; unable to carry out all previous activities, but able to look after own affairs without assistance"
            }
          ]
        }
      },
      "request": {
        "method": "POST",
        "url": "Observation"
      }
    },
    {
      "fullUrl": "urn:uuid:da73c6f2-e7d2-4760-8597-436af2fb6db6",
      "resource": {
        "resourceType": "Observation",
        "meta": {
          "profile": [
            "http://testSK.org/StructureDefinition/functional-score-observation-profile"
          ]
        },
        "extension": [
          {
            "url": "http://testSK.org/StructureDefinition/observation-timing-context-ext",
            "valueCodeableConcept": {
              "coding": [
                {
                  "system": "http://testSK.org/CodeSystem/assessment-context-cs",
                  "code": "discharge",
                  "display": "Discharge"
                }
              ]
            }
          }
        ],
        "status": "final",
        "category": [
          {
            "coding": [
              {
                "system": "http://terminology.hl7.org/CodeSystem/observation-category",
                "code": "exam",
                "display": "Exam"
              }
            ]
          }
        ],
        "code": {
          "coding": [
            {
              "system": "http://snomed.info/sct",
              "code": "1255866005",
              "display": "Modified Rankin Scale score (observable entity)"
            }
          ]
        },
        "subject": {
          "reference": "urn:uuid:e9218366-782c-46f5-b087-def243436b1f"
        },
        "encounter": {
          "reference": "urn:uuid:aad0f5e7-10cc-41bf-986d-8d66a42655ea"
        },
        "valueCodeableConcept": {
          "coding": [
            {
              "system": "http://testSK.org/CodeSystem/mrs-score-cs",
              "code": "3",
              "display": "Moderate disability; requiring some help, but able to walk without assistance"
            }
          ]
        }
      },
      "request": {
        "method": "POST",
        "url": "Observation"
      }
    },
    {
      "fullUrl": "urn:uuid:a9e8eff6-58e1-44a6-96b9-551714d7be0f",
      "resource": {
        "resourceType": "Observation",
        "meta": {
          "profile": [
            "http://testSK.org/StructureDefinition/functional-score-observation-profile"
          ]
        },
        "extension": [
          {
            "url": "http://testSK.org/StructureDefinition/observation-timing-context-ext",
            "valueCodeableConcept": {
              "coding": [
                {
                  "system": "http://testSK.org/CodeSystem/assessment-context-cs",
                  "code": "3-month",
                  "display": "3 Month Follow-up"
                }
              ]
            }
          }
        ],
        "status": "final",
        "category": [
          {
            "coding": [
              {
                "system": "http://terminology.hl7.org/CodeSystem/observation-category",
                "code": "exam",
                "display": "Exam"
              }
            ]
          }
        ],
        "code": {
          "coding": [
            {
              "system": "http://snomed.info/sct",
              "code": "1255866005",
              "display": "Modified Rankin Scale score (observable entity)"
            }
          ]
        },
        "subject": {
          "reference": "urn:uuid:e9218366-782c-46f5-b087-def243436b1f"
        },
        "encounter": {
          "reference": "urn:uuid:aad0f5e7-10cc-41bf-986d-8d66a42655ea"
        },
        "valueCodeableConcept": {
          "coding": [
            {
              "system": "http://testSK.org/CodeSystem/mrs-score-cs",
              "code": "1",
              "display": "No significant disability despite symptoms; able to carry out all usual duties and activities"
            }
          ]
        }
      },
      "request": {
        "method": "POST",
        "url": "Observation"
      }
    },
    {
      "fullUrl": "urn:uuid:0a87e313-5bd8-492b-88d0-9f0196ffe510",
      "resource": {
        "resourceType": "Observation",
        "meta": {
          "profile": [
            "http://testSK.org/StructureDefinition/functional-score-observation-profile"
          ]
        },
        "extension": [
          {
            "url": "http://testSK.org/StructureDefinition/observation-timing-context-ext",
            "valueCodeableConcept": {
              "coding": [
                {
                  "system": "http://testSK.org/CodeSystem/assessment-context-cs",
                  "code": "admission",
                  "display": "Admission"
                }
              ]
            }
          }
        ],
        "status": "final",
        "category": [
          {
            "coding": [
              {
                "system": "http://terminology.hl7.org/CodeSystem/observation-category",
                "code": "exam",
                "display": "Exam"
              }
            ]
          }
        ],
        "code": {
          "coding": [
            {
              "system": "http://snomed.info/sct",
              "code": "450743008",
              "display": "National Institutes of Health stroke scale score (observable entity)"
            }
          ]
        },
        "subject": {
          "reference": "urn:uuid:e9218366-782c-46f5-b087-def243436b1f"
        },
        "encounter": {
          "reference": "urn:uuid:aad0f5e7-10cc-41bf-986d-8d66a42655ea"
        },
        "valueInteger": 6
      },
      "request": {
        "method": "POST",
        "url": "Observation"
      }
    },
    {
      "fullUrl": "urn:uuid:9a5f417a-0393-4962-a80f-b3c75d61dee5",
      "resource": {
        "resourceType": "Observation",
        "meta": {
          "profile": [
            "http://testSK.org/StructureDefinition/functional-score-observation-profile"
          ]
        },
        "extension": [
          {
            "url": "http://testSK.org/StructureDefinition/observation-timing-context-ext",
            "valueCodeableConcept": {
              "coding": [
                {
                  "system": "http://testSK.org/CodeSystem/assessment-context-cs",
                  "code": "discharge",
                  "display": "Discharge"
                }
              ]
            }
          }
        ],
        "status": "final",
        "category": [
          {
            "coding": [
              {
                "system": "http://terminology.hl7.org/CodeSystem/observation-category",
                "code": "exam",
                "display": "Exam"
              }
            ]
          }
        ],
        "code": {
          "coding": [
            {
              "system": "http://snomed.info/sct",
              "code": "450743008",
              "display": "National Institutes of Health stroke scale score (observable entity)"
            }
          ]
        },
        "subject": {
          "reference": "urn:uuid:e9218366-782c-46f5-b087-def243436b1f"
        },
        "encounter": {
          "reference": "urn:uuid:aad0f5e7-10cc-41bf-986d-8d66a42655ea"
        },
        "valueInteger": 6
      },
      "request": {
        "method": "POST",
        "url": "Observation"
      }
    },
    {
      "fullUrl": "urn:uuid:5a3bbfb2-3a70-48fe-ac89-d357d22b489c",
      "resource": {
        "resourceType": "Procedure",
        "extension": [
          {
            "url": "http://testSK.org/StructureDefinition/procedure-timing-context-ext",
            "valueCodeableConcept": {
              "coding": [
                {
                  "system": "http://testSK.org/CodeSystem/procedure-timing-context-cs",
                  "code": "post-acute",
                  "display": "Acute Phase (<24h)"
                }
              ]
            }
          }
        ],
        "status": "completed",
        "category": [
          {
            "coding": [
              {
                "system": "http://terminology.hl7.org/CodeSystem/observation-category",
                "code": "imaging",
                "display": "Imaging"
              }
            ]
          }
        ],
        "code": {
          "coding": [
            {
              "system": "http://testSK.org/CodeSystem/brain-imaging-type-cs",
              "code": "ct-cta",
              "display": "Computed Tomography (CT) and CT Angiography (CTA)"
            }
          ]
        },
        "subject": {
          "reference": "urn:uuid:e9218366-782c-46f5-b087-def243436b1f"
        },
        "encounter": {
          "reference": "urn:uuid:aad0f5e7-10cc-41bf-986d-8d66a42655ea"
        },
        "occurrenceDateTime": "2024-10-16T01:03:00+02:00"
      },
      "request": {
        "method": "POST",
        "url": "Procedure"
      }
    },
    {
      "fullUrl": "urn:uuid:b644eeac-9003-4549-822d-f4de1d82b0c6",
      "resource": {
        "resourceType": "Observation",
        "meta": {
          "profile": [
            "http://testSK.org/StructureDefinition/specific-finding-observation-profile"
          ]
        },
        "status": "final",
        "category": [
          {
            "coding": [
              {
                "system": "http://terminology.hl7.org/CodeSystem/observation-category",
                "code": "laboratory",
                "display": "Laboratory"
              }
            ]
          }
        ],
        "code": {
          "coding": [
            {
              "system": "http://snomed.info/sct",
              "code": "49436004",
              "display": "Atrial fibrillation (disorder)"
            }
          ]
        },
        "subject": {
          "reference": "urn:uuid:e9218366-782c-46f5-b087-def243436b1f"
        },
        "encounter": {
          "reference": "urn:uuid:aad0f5e7-10cc-41bf-986d-8d66a42655ea"
        },
        "effectiveDateTime": "2024-10-16T00:48:00+02:00",
        "valueCodeableConcept": {
          "coding": [
            {
              "system": "http://snomed.info/sct",
              "code": "410515003",
              "display": "Known present (qualifier value)"
            }
          ]
        }
      },
      "request": {
        "method": "POST",
        "url": "Observation"
      }
    },
    {
      "fullUrl": "urn:uuid:1c487f3a-628e-43cf-8a74-92ac387dff02",
      "resource": {
        "resourceType": "MedicationStatement",
        "meta": {
          "profile": [
            "http://testSK.org/StructureDefinition/prior-medication-statement-profile"
          ]
        },
        "status": "recorded",
        "medication": {
          "concept": {
            "coding": [
              {
                "system": "http://testSK.org/CodeSystem/medication-statement-cs",
                "code": "antidiabetic",
                "display": "Any Antidiabetic"
              }
            ]
          }
        },
        "subject": {
          "reference": "urn:uuid:e9218366-782c-46f5-b087-def243436b1f"
        },
        "adherence": {
          "code": {
            "coding": [
              {
                "system": "http://hl7.org/fhir/CodeSystem/medication-statement-adherence",
                "code": "taking",
                "display": "Taking"
              }
            ]
          }
        }
      },
      "request": {
        "method": "POST",
        "url": "MedicationStatement"
      }
    }
  ]
}