{
  "resourceType": "Bundle",
  "type": "transaction",
  "entry": [
    {
      "fullUrl": "urn:uuid:3a3cad6f-d3b5-44cb-9477-351657d8630a",
      "resource": {
        "resourceType": "Patient",
        "meta": {
          "profile": [
            "http://testSK.org/StructureDefinition/patient-age-gender-snomed-profile"
          ]
        },
        "extension": [
          {
            "url": "http://testSK.org/StructureDefinition/gender-snomed-ext",
            "valueCodeableConcept": {
              "coding": [
                {
                  "system": "http://snomed.info/sct",
                  "code": "248152002",
                  "display": "Female (finding)"
                }
              ]
            }
          },
          {
            "url": "http://testSK.org/StructureDefinition/patient-age-ext",
            "valueInteger": 90
          }
        ]
      },
      "request": {
        "method": "POST",
        "url": "Patient"
      }
    },
    {
      "fullUrl": "urn:uuid:8de186da-00ca-49e3-a82e-7a6635cedd7d",
      "resource": {
        "resourceType": "Encounter",
        "meta": {
          "profile": [
            "http://testSK.org/StructureDefinition/stroke-encounter-profile"
          ]
        },
        "extension": [
          {
            "url": "http://testSK.org/StructureDefinition/initial-care-intensity-ext",
            "valueCodeableConcept": {
              "coding": [
                {
                  "system": "http://testSK.org/CodeSystem/initial-care-intensity-cs",
                  "code": "icu-stroke",
                  "display": "ICU / Stroke Unit"
                }
              ]
            }
          },
          {
            "url": "http://testSK.org/StructureDefinition/first-hospital-ext",
            "valueBoolean": true
          },
          {
            "url": "http://testSK.org/StructureDefinition/required-post-acute-care-ext",
            "valueBoolean": true
          }
        ],
        "status": "completed",
        "class": [
          {
            "coding": [
              {
                "system": "http://terminology.hl7.org/CodeSystem/v3-ActCode",
                "code": "IMP",
                "display": "inpatient encounter"
              }
            ]
          }
        ],
        "subject": {
          "reference": "urn:uuid:3a3cad6f-d3b5-44cb-9477-351657d8630a"
        },
        "actualPeriod": {
          "start": "2024-06-12T14:43:00+02:00",
          "end": "2024-06-20T21:39:00+02:00"
        },
        "admission": {
          "admitSource": {
            "coding": [
              {
                "system": "http://testSK.org/CodeSystem/stroke-arrival-mode-cs",
                "code": "ems-home",
                "display": "EMS from Home"
              }
            ]
          },
          "dischargeDisposition": {
            "coding": [
              {
                "system": "http://testSK.org/CodeSystem/stroke-discharge-destination-cs",
                "code": "dead",
                "display": "Patient Deceased"
              }
            ]
          }
        }
      },
      "request": {
        "method": "POST",
        "url": "Encounter"
      }
    },
    {
      "fullUrl": "urn:uuid:a5d74af4-adf7-4e20-8688-e1fafaea9692",
      "resource": {
        "resourceType": "Condition",
        "meta": {
          "profile": [
            "http://testSK.org/StructureDefinition/stroke-diagnosis-condition-profile"
          ]
        },
        "extension": [
          {
            "url": "http://testSK.org/StructureDefinition/hemorrhagic-stroke-bleeding-reason-ext",
            "valueCodeableConcept": {
              "coding": [
                {
                  "system": "http://testSK.org/CodeSystem/hemorrhagic-stroke-bleeding-reason-cs",
                  "code": "other",
                  "display": "Bleeding Reason Other"
                }
              ]
            }
          },
          {
            "url": "http://testSK.org/StructureDefinition/onset-date-ext",
            "valueDate": "2024-06-12"
          },
          {
            "url": "http://testSK.org/StructureDefinition/onset-time-ext",
            "valueTime": "13:51:00"
          }
        ],
        "clinicalStatus": {
          "coding": [
            {
              "system": "http://terminology.hl7.org/CodeSystem/condition-clinical",
              "code": "active",
              "display": "Active"
            }
          ]
        },
        "verificationStatus": {
          "coding": [
            {
              "system": "http://terminology.hl7.org/CodeSystem/condition-ver-status",
              "code": "confirmed",
              "display": "Confirmed"
            }
          ]
        },
        "code": {
          "coding": [
            {
              "system": "http://snomed.info/sct",
              "code": "274100004",
              "display": "Cerebral hemorrhage (disorder)"
            }
          ]
        },
        "subject": {
          "reference": "urn:uuid:3a3cad6f-d3b5-44cb-9477-351657d8630a"
        },
        "encounter": {
          "reference": "urn:uuid:8de186da-00ca-49e3-a82e-7a6635cedd7d"
        }
      },
      "request": {
        "method": "POST",
        "url": "Condition"
      }
    },
    {
      "fullUrl": "urn:uuid:ff321762-427f-4376-b5ba-08192f693ff2",
      "resource": {
        "resourceType": "Observation",
        "meta": {
          "profile": [
            "http://testSK.org/StructureDefinition/functional-score-observation-profile"
          ]
        },
        "extension": [
          {
            "url": "http://testSK.org/StructureDefinition/observation-timing-context-ext",
            "valueCodeableConcept": {
              "coding": [
                {
                  "system": "http://testSK.org/CodeSystem/assessment-context-cs",
                  "code": "pre-stroke",
                  "display": "Pre-stroke"
                }
              ]
            }
          }
        ],
        "status": "final",
        "category": [
          {
            "coding": [
              {
                "system": "http://terminology.hl7.org/CodeSystem/observation-category",
                "code": "exam",
                "display": "Exam"
              }
            ]
          }
        ],
        "code": {
          "coding": [
            {
              "system": "http://snomed.info/sct",
              "code": "1255866005",
              "display": "Modified Rankin Scale score (observable entity)"
            }
          ]
        },
        "subject": {
          "reference": "urn:uuid:3a3cad6f-d3b5-44cb-9477-351657d8630a"
        },
        "encounter": {
          "reference": "urn:uuid:8de186da-00ca-49e3-a82e-7a6635cedd7d"
        },
        "valueCodeableConcept": {
          "coding": [
            {
              "system": "http://testSK.org/CodeSystem/mrs-score-cs",
              "code": "3",
              "display": "Moderate disability; requiring some help, but able to walk without assistance"
            }
          ]
        }
      },
      "request": {
        "method": "POST",
        "url": "Observation"
      }
    },
    {
      "fullUrl": "urn:uuid:c76c235b-be46-4d18-b984-f3839f0ebf67",
      "resource": {
        "resourceType": "Observation",
        "meta": {
          "profile": [
            "http://testSK.org/StructureDefinition/functional-score-observation-profile"
          ]
        },
        "extension": [
          {
            "url": "http://testSK.org/StructureDefinition/observation-timing-context-ext",
            "valueCodeableConcept": {
              "coding": [
                {
                  "system": "http://testSK.org/CodeSystem/assessment-context-cs",
                  "code": "discharge",
                  "display": "Discharge"
                }
              ]
            }
          }
        ],
        "status": "final",
        "category": [
          {
            "coding": [
              {
                "system": "http://terminology.hl7.org/CodeSystem/observation-category",
                "code": "exam",
                "display": "Exam"
              }
            ]
          }
        ],
        "code": {
          "coding": [
            {
              "system": "http://snomed.info/sct",
              "code": "1255866005",
              "display": "Modified Rankin Scale score (observable entity)"
            }
          ]
        },
        "subject": {
          "reference": "urn:uuid:3a3cad6f-d3b5-44cb-9477-351657d8630a"
        },
        "encounter": {
          "reference": "urn:uuid:8de186da-00ca-49e3-a82e-7a6635cedd7d"
        },
        "valueCodeableConcept": {
          "coding": [
            {
              "system": "http://testSK.org/CodeSystem/mrs-score-cs",
              "code": "6",
              "display": "Dead"
            }
          ]
        }
      },
      "request": {
        "method": "POST",
        "url": "Observation"
      }
    },
    {
      "fullUrl": "urn:uuid:c30d2d6d-919d-49ae-af36-4128889cc9a3",
      "resource": {
        "resourceType": "Observation",
        "meta": {
          "profile": [
            "http://testSK.org/StructureDefinition/functional-score-observation-profile"
          ]
        },
        "extension": [
          {
            "url": "http://testSK.org/StructureDefinition/observation-timing-context-ext",
            "valueCodeableConcept": {
              "coding": [
                {
                  "system": "http://testSK.org/CodeSystem/assessment-context-cs",
                  "code": "3-month",
                  "display": "3 Month Follow-up"
                }
              ]
            }
          }
        ],
        "status": "final",
        "category": [
          {
            "coding": [
              {
                "system": "http://terminology.hl7.org/CodeSystem/observation-category",
                "code": "exam",
                "display": "Exam"
              }
            ]
          }
        ],
        "code": {
          "coding": [
            {
              "system": "http://snomed.info/sct",
              "code": "1255866005",
              "display": "Modified Rankin Scale score (observable entity)"
            }
          ]
        },
        "subject": {
          "reference": "urn:uuid:3a3cad6f-d3b5-44cb-9477-351657d8630a"
        },
        "encounter": {
          "reference": "urn:uuid:8de186da-00ca-49e3-a82e-7a6635cedd7d"
        },
        "valueCodeableConcept": {
          "coding": [
            {
              "system": "http://testSK.org/CodeSystem/mrs-score-cs",
              "code": "6",
              "display": "Dead"
            }
          ]
        }
      },
      "request": {
        "method": "POST",
        "url": "Observation"
      }
    },
    {
      "fullUrl": "urn:uuid:7619fa94-bc6f-45d2-906b-f99497c41d01",
      "resource": {
        "resourceType": "Observation",
        "meta": {
          "profile": [
            "http://testSK.org/StructureDefinition/functional-score-observation-profile"
          ]
        },
        "extension": [
          {
            "url": "http://testSK.org/StructureDefinition/observation-timing-context-ext",
            "valueCodeableConcept": {
              "coding": [
                {
                  "system": "http://testSK.org/CodeSystem/assessment-context-cs",
                  "code": "admission",
                  "display": "Admission"
                }
              ]
            }
          }
        ],
        "status": "final",
        "category": [
          {
            "coding": [
              {
                "system": "http://terminology.hl7.org/CodeSystem/observation-category",
                "code": "exam",
                "display": "Exam"
              }
            ]
          }
        ],
        "code": {
          "coding": [
            {
              "system": "http://snomed.info/sct",
              "code": "450743008",
              "display": "National Institutes of Health stroke scale score (observable entity)"
            }
          ]
        },
        "subject": {
          "reference": "urn:uuid:3a3cad6f-d3b5-44cb-9477-351657d8630a"
        },
        "encounter": {
          "reference": "urn:uuid:8de186da-00ca-49e3-a82e-7a6635cedd7d"
        },
        "valueInteger": 11
      },
      "request": {
        "method": "POST",
        "url": "Observation"
      }
    },
    {
      "fullUrl": "urn:uuid:461e53b3-a261-47dd-bf61-92a948d4dbc9",
      "resource": {
        "resourceType": "Observation",
        "meta": {
          "profile": [
            "http://testSK.org/StructureDefinition/functional-score-observation-profile"
          ]
        },
        "extension": [
          {
            "url": "http://testSK.org/StructureDefinition/observation-timing-context-ext",
            "valueCodeableConcept": {
              "coding": [
                {
                  "system": "http://testSK.org/CodeSystem/assessment-context-cs",
                  "code": "discharge",
                  "display": "Discharge"
                }
              ]
            }
          }
        ],
        "status": "final",
        "category": [
          {
            "coding": [
              {
                "system": "http://terminology.hl7.org/CodeSystem/observation-category",
                "code": "exam",
                "display": "Exam"
              }
            ]
          }
        ],
        "code": {
          "coding": [
            {
              "system": "http://snomed.info/sct",
              "code": "450743008",
              "display": "National Institutes of Health stroke scale score (observable entity)"
            }
          ]
        },
        "subject": {
          "reference": "urn:uuid:3a3cad6f-d3b5-44cb-9477-351657d8630a"
        },
        "encounter": {
          "reference": "urn:uuid:8de186da-00ca-49e3-a82e-7a6635cedd7d"
        },
        "valueInteger": 11
      },
      "request": {
        "method": "POST",
        "url": "Observation"
      }
    },
    {
      "fullUrl": "urn:uuid:ee037ac9-8008-4be0-babc-b60c5931b63b",
      "resource": {
        "resourceType": "Procedure",
        "extension": [
          {
            "url": "http://testSK.org/StructureDefinition/procedure-timing-context-ext",
            "valueCodeableConcept": {
              "coding": [
                {
                  "system": "http://testSK.org/CodeSystem/procedure-timing-context-cs",
                  "code": "post-acute",
                  "display": "Acute Phase (<24h)"
                }
              ]
            }
          }
        ],
        "status": "completed",
        "category": [
          {
            "coding": [
              {
                "system": "http://terminology.hl7.org/CodeSystem/observation-category",
                "code": "imaging",
                "display": "Imaging"
              }
            ]
          }
        ],
        "code": {
          "coding": [
            {
              "system": "http://snomed.info/sct",
              "code": "396205005",
              "display": "Computed tomography of brain without radiopaque contrast (procedure)"
            }
          ]
        },
        "subject": {
          "reference": "urn:uuid:3a3cad6f-d3b5-44cb-9477-351657d8630a"
        },
        "encounter": {
          "reference": "urn:uuid:8de186da-00ca-49e3-a82e-7a6635cedd7d"
        },
        "occurrenceDateTime": "2024-06-12T14:56:00+02:00"
      },
      "request": {
        "method": "POST",
        "url": "Procedure"
      }
    },
    {
      "fullUrl": "urn:uuid:ddba2759-fe7a-475b-baa5-6957aee57dc6",
      "resource": {
        "resourceType": "MedicationStatement",
        "meta": {
          "profile": [
            "http://testSK.org/StructureDefinition/prior-medication-statement-profile"
          ]
        },
        "status": "recorded",
        "medication": {
          "concept": {
            "coding": [
              {
                "system": "http://snomed.info/sct",
                "code": "315053001",
                "display": "Administration of prophylactic statin (procedure)"
              }
            ]
          }
        },
        "subject": {
          "reference": "urn:uuid:3a3cad6f-d3b5-44cb-9477-351657d8630a"
        },
        "adherence": {
          "code": {
            "coding": [
              {
                "system": "http://hl7.org/fhir/CodeSystem/medication-statement-adherence",
                "code": "taking",
                "display": "Taking"
              }
            ]
          }
        }
      },
      "request": {
        "method": "POST",
        "url": "MedicationStatement"
      }
    }
  ]
}