{
  "resourceType": "Bundle",
  "type": "transaction",
  "entry": [
    {
      "fullUrl": "urn:uuid:4cce4383-e401-47d8-9255-8e0acca70cb0",
      "resource": {
        "resourceType": "Organization",
        "identifier": [
          {
            "system": "https://stroke.qualityregistry.org",
            "value": "1482"
          }
        ],
        "active": true,
        "name": "Fakultná nemocnica Nitra"
      },
      "request": {
        "method": "POST",
        "url": "Organization"
      }
    },
    {
      "fullUrl": "urn:uuid:c2156dd5-4f4d-460f-87a5-847390540a83",
      "resource": {
        "resourceType": "Patient",
        "id": "465512",
        "meta": {
          "profile": [
            "http://testSK.org/StructureDefinition/patient-age-gender-snomed-profile"
          ]
        },
        "extension": [
          {
            "url": "http://testSK.org/StructureDefinition/gender-snomed-ext",
            "valueCodeableConcept": {
              "coding": [
                {
                  "system": "http://snomed.info/sct",
                  "code": "248153007",
                  "display": "Male (finding)"
                }
              ]
            }
          },
          {
            "url": "http://testSK.org/StructureDefinition/patient-age-ext",
            "valueInteger": 52
          }
        ]
      },
      "request": {
        "method": "POST",
        "url": "Patient"
      }
    },
    {
      "fullUrl": "urn:uuid:a52fe293-ca84-44fe-baba-fe893d9cc9e9",
      "resource": {
        "resourceType": "Encounter",
        "meta": {
          "profile": [
            "http://testSK.org/StructureDefinition/stroke-encounter-profile"
          ]
        },
        "extension": [
          {
            "url": "http://testSK.org/StructureDefinition/initial-care-intensity-ext",
            "valueCodeableConcept": {
              "coding": [
                {
                  "system": "http://testSK.org/CodeSystem/initial-care-intensity-cs",
                  "code": "icu-stroke",
                  "display": "ICU / Stroke Unit"
                }
              ]
            }
          },
          {
            "url": "http://testSK.org/StructureDefinition/first-hospital-ext",
            "valueBoolean": true
          },
          {
            "url": "http://testSK.org/StructureDefinition/required-post-acute-care-ext",
            "valueBoolean": true
          }
        ],
        "status": "completed",
        "class": [
          {
            "coding": [
              {
                "system": "http://terminology.hl7.org/CodeSystem/v3-ActCode",
                "code": "IMP",
                "display": "inpatient encounter"
              }
            ]
          }
        ],
        "subject": {
          "reference": "urn:uuid:c2156dd5-4f4d-460f-87a5-847390540a83"
        },
        "actualPeriod": {
          "start": "2024-03-03T11:37:00+01:00",
          "end": "2024-03-07T13:24:00+01:00"
        },
        "admission": {
          "admitSource": {
            "coding": [
              {
                "system": "http://testSK.org/CodeSystem/stroke-arrival-mode-cs",
                "code": "ems-home",
                "display": "EMS from Home"
              }
            ]
          },
          "dischargeDisposition": {
            "coding": [
              {
                "system": "http://snomed.info/sct",
                "code": "306689006",
                "display": "Discharge to home (procedure)"
              }
            ]
          }
        }
      },
      "request": {
        "method": "POST",
        "url": "Encounter"
      }
    },
    {
      "fullUrl": "urn:uuid:5a0b3ed0-e7ef-4860-9af5-905d46b4cc31",
      "resource": {
        "resourceType": "Condition",
        "meta": {
          "profile": [
            "http://testSK.org/StructureDefinition/stroke-diagnosis-condition-profile"
          ]
        },
        "extension": [
          {
            "url": "http://testSK.org/StructureDefinition/ischemic-stroke-etiology-ext",
            "valueCodeableConcept": {
              "coding": [
                {
                  "system": "http://snomed.info/sct",
                  "code": "413758000",
                  "display": "Cardioembolic stroke (disorder)"
                }
              ]
            }
          },
          {
            "url": "http://testSK.org/StructureDefinition/onset-date-ext",
            "valueDate": "2024-03-03"
          }
        ],
        "clinicalStatus": {
          "coding": [
            {
              "system": "http://terminology.hl7.org/CodeSystem/condition-clinical",
              "code": "active",
              "display": "Active"
            }
          ]
        },
        "verificationStatus": {
          "coding": [
            {
              "system": "http://terminology.hl7.org/CodeSystem/condition-ver-status",
              "code": "confirmed",
              "display": "Confirmed"
            }
          ]
        },
        "code": {
          "coding": [
            {
              "system": "http://snomed.info/sct",
              "code": "422504002",
              "display": "Ischemic stroke (disorder)"
            }
          ]
        },
        "subject": {
          "reference": "urn:uuid:c2156dd5-4f4d-460f-87a5-847390540a83"
        },
        "encounter": {
          "reference": "urn:uuid:a52fe293-ca84-44fe-baba-fe893d9cc9e9"
        }
      },
      "request": {
        "method": "POST",
        "url": "Condition"
      }
    },
    {
      "fullUrl": "urn:uuid:e8bfca76-714b-4136-8d4b-ea590d086878",
      "resource": {
        "resourceType": "Condition",
        "meta": {
          "profile": [
            "http://testSK.org/StructureDefinition/stroke-risk-factor-condition-profile"
          ]
        },
        "clinicalStatus": {
          "coding": [
            {
              "system": "http://terminology.hl7.org/CodeSystem/condition-clinical",
              "code": "active",
              "display": "Active"
            }
          ]
        },
        "code": {
          "coding": [
            {
              "system": "http://snomed.info/sct",
              "code": "73211009",
              "display": "Diabetes mellitus (disorder)"
            }
          ]
        },
        "subject": {
          "reference": "urn:uuid:c2156dd5-4f4d-460f-87a5-847390540a83"
        },
        "encounter": {
          "reference": "urn:uuid:a52fe293-ca84-44fe-baba-fe893d9cc9e9"
        }
      },
      "request": {
        "method": "POST",
        "url": "Condition"
      }
    },
    {
      "fullUrl": "urn:uuid:bc6968c9-798e-41dd-9bda-48fc5d747716",
      "resource": {
        "resourceType": "Condition",
        "meta": {
          "profile": [
            "http://testSK.org/StructureDefinition/stroke-risk-factor-condition-profile"
          ]
        },
        "clinicalStatus": {
          "coding": [
            {
              "system": "http://terminology.hl7.org/CodeSystem/condition-clinical",
              "code": "active",
              "display": "Active"
            }
          ]
        },
        "verificationStatus": {
          "coding": [
            {
              "system": "http://terminology.hl7.org/CodeSystem/condition-ver-status",
              "code": "differential",
              "display": "Differential"
            }
          ]
        },
        "code": {
          "coding": [
            {
              "system": "http://snomed.info/sct",
              "code": "49436004",
              "display": "Atrial fibrillation (disorder)"
            }
          ]
        },
        "subject": {
          "reference": "urn:uuid:c2156dd5-4f4d-460f-87a5-847390540a83"
        },
        "encounter": {
          "reference": "urn:uuid:a52fe293-ca84-44fe-baba-fe893d9cc9e9"
        }
      },
      "request": {
        "method": "POST",
        "url": "Condition"
      }
    },
    {
      "fullUrl": "urn:uuid:bec9153b-c256-42f4-a6ce-c1ea4331358e",
      "resource": {
        "resourceType": "Observation",
        "meta": {
          "profile": [
            "http://testSK.org/StructureDefinition/functional-score-observation-profile"
          ]
        },
        "extension": [
          {
            "url": "http://testSK.org/StructureDefinition/observation-timing-context-ext",
            "valueCodeableConcept": {
              "coding": [
                {
                  "system": "http://testSK.org/CodeSystem/assessment-context-cs",
                  "code": "pre-stroke",
                  "display": "Pre-stroke"
                }
              ]
            }
          }
        ],
        "status": "final",
        "category": [
          {
            "coding": [
              {
                "system": "http://terminology.hl7.org/CodeSystem/observation-category",
                "code": "exam",
                "display": "Exam"
              }
            ]
          }
        ],
        "code": {
          "coding": [
            {
              "system": "http://snomed.info/sct",
              "code": "1255866005",
              "display": "Modified Rankin Scale score (observable entity)"
            }
          ]
        },
        "subject": {
          "reference": "urn:uuid:c2156dd5-4f4d-460f-87a5-847390540a83"
        },
        "encounter": {
          "reference": "urn:uuid:a52fe293-ca84-44fe-baba-fe893d9cc9e9"
        },
        "valueCodeableConcept": {
          "coding": [
            {
              "system": "http://testSK.org/CodeSystem/mrs-score-cs",
              "code": "4",
              "display": "Moderately severe disability; unable to walk without assistance and unable to attend to own bodily needs without assistance"
            }
          ]
        }
      },
      "request": {
        "method": "POST",
        "url": "Observation"
      }
    },
    {
      "fullUrl": "urn:uuid:7fb2ef88-49db-41e0-b1fc-463dc7132bde",
      "resource": {
        "resourceType": "Observation",
        "meta": {
          "profile": [
            "http://testSK.org/StructureDefinition/functional-score-observation-profile"
          ]
        },
        "extension": [
          {
            "url": "http://testSK.org/StructureDefinition/observation-timing-context-ext",
            "valueCodeableConcept": {
              "coding": [
                {
                  "system": "http://testSK.org/CodeSystem/assessment-context-cs",
                  "code": "discharge",
                  "display": "Discharge"
                }
              ]
            }
          }
        ],
        "status": "final",
        "category": [
          {
            "coding": [
              {
                "system": "http://terminology.hl7.org/CodeSystem/observation-category",
                "code": "exam",
                "display": "Exam"
              }
            ]
          }
        ],
        "code": {
          "coding": [
            {
              "system": "http://snomed.info/sct",
              "code": "1255866005",
              "display": "Modified Rankin Scale score (observable entity)"
            }
          ]
        },
        "subject": {
          "reference": "urn:uuid:c2156dd5-4f4d-460f-87a5-847390540a83"
        },
        "encounter": {
          "reference": "urn:uuid:a52fe293-ca84-44fe-baba-fe893d9cc9e9"
        },
        "valueCodeableConcept": {
          "coding": [
            {
              "system": "http://testSK.org/CodeSystem/mrs-score-cs",
              "code": "4",
              "display": "Moderately severe disability; unable to walk without assistance and unable to attend to own bodily needs without assistance"
            }
          ]
        }
      },
      "request": {
        "method": "POST",
        "url": "Observation"
      }
    },
    {
      "fullUrl": "urn:uuid:ee862780-9639-48ab-a4c7-cadf4e5bf7f0",
      "resource": {
        "resourceType": "Observation",
        "meta": {
          "profile": [
            "http://testSK.org/StructureDefinition/functional-score-observation-profile"
          ]
        },
        "extension": [
          {
            "url": "http://testSK.org/StructureDefinition/observation-timing-context-ext",
            "valueCodeableConcept": {
              "coding": [
                {
                  "system": "http://testSK.org/CodeSystem/assessment-context-cs",
                  "code": "3-month",
                  "display": "3 Month Follow-up"
                }
              ]
            }
          }
        ],
        "status": "final",
        "category": [
          {
            "coding": [
              {
                "system": "http://terminology.hl7.org/CodeSystem/observation-category",
                "code": "exam",
                "display": "Exam"
              }
            ]
          }
        ],
        "code": {
          "coding": [
            {
              "system": "http://snomed.info/sct",
              "code": "1255866005",
              "display": "Modified Rankin Scale score (observable entity)"
            }
          ]
        },
        "subject": {
          "reference": "urn:uuid:c2156dd5-4f4d-460f-87a5-847390540a83"
        },
        "encounter": {
          "reference": "urn:uuid:a52fe293-ca84-44fe-baba-fe893d9cc9e9"
        },
        "valueCodeableConcept": {
          "coding": [
            {
              "system": "http://testSK.org/CodeSystem/mrs-score-cs",
              "code": "5",
              "display": "Severe disability; bedridden, incontinent and requiring constant nursing care and attention"
            }
          ]
        }
      },
      "request": {
        "method": "POST",
        "url": "Observation"
      }
    },
    {
      "fullUrl": "urn:uuid:f0b66ed8-d6dc-4775-ae73-c913c85b80e4",
      "resource": {
        "resourceType": "Observation",
        "meta": {
          "profile": [
            "http://testSK.org/StructureDefinition/functional-score-observation-profile"
          ]
        },
        "extension": [
          {
            "url": "http://testSK.org/StructureDefinition/observation-timing-context-ext",
            "valueCodeableConcept": {
              "coding": [
                {
                  "system": "http://testSK.org/CodeSystem/assessment-context-cs",
                  "code": "admission",
                  "display": "Admission"
                }
              ]
            }
          }
        ],
        "status": "final",
        "category": [
          {
            "coding": [
              {
                "system": "http://terminology.hl7.org/CodeSystem/observation-category",
                "code": "exam",
                "display": "Exam"
              }
            ]
          }
        ],
        "code": {
          "coding": [
            {
              "system": "http://snomed.info/sct",
              "code": "450743008",
              "display": "National Institutes of Health stroke scale score (observable entity)"
            }
          ]
        },
        "subject": {
          "reference": "urn:uuid:c2156dd5-4f4d-460f-87a5-847390540a83"
        },
        "encounter": {
          "reference": "urn:uuid:a52fe293-ca84-44fe-baba-fe893d9cc9e9"
        },
        "valueInteger": 7
      },
      "request": {
        "method": "POST",
        "url": "Observation"
      }
    },
    {
      "fullUrl": "urn:uuid:4de76fc4-9593-4bad-8b28-1a32b2ba8ee8",
      "resource": {
        "resourceType": "Observation",
        "meta": {
          "profile": [
            "http://testSK.org/StructureDefinition/functional-score-observation-profile"
          ]
        },
        "extension": [
          {
            "url": "http://testSK.org/StructureDefinition/observation-timing-context-ext",
            "valueCodeableConcept": {
              "coding": [
                {
                  "system": "http://testSK.org/CodeSystem/assessment-context-cs",
                  "code": "discharge",
                  "display": "Discharge"
                }
              ]
            }
          }
        ],
        "status": "final",
        "category": [
          {
            "coding": [
              {
                "system": "http://terminology.hl7.org/CodeSystem/observation-category",
                "code": "exam",
                "display": "Exam"
              }
            ]
          }
        ],
        "code": {
          "coding": [
            {
              "system": "http://snomed.info/sct",
              "code": "450743008",
              "display": "National Institutes of Health stroke scale score (observable entity)"
            }
          ]
        },
        "subject": {
          "reference": "urn:uuid:c2156dd5-4f4d-460f-87a5-847390540a83"
        },
        "encounter": {
          "reference": "urn:uuid:a52fe293-ca84-44fe-baba-fe893d9cc9e9"
        },
        "valueInteger": 7
      },
      "request": {
        "method": "POST",
        "url": "Observation"
      }
    },
    {
      "fullUrl": "urn:uuid:2386ac95-daa6-419a-87a1-589c039a47a3",
      "resource": {
        "resourceType": "Procedure",
        "meta": {
          "profile": [
            "http://testSK.org/StructureDefinition/stroke-carotid-imaging-procedure-profile"
          ]
        },
        "extension": [
          {
            "url": "http://testSK.org/StructureDefinition/procedure-timing-context-ext",
            "valueCodeableConcept": {
              "coding": [
                {
                  "system": "http://testSK.org/CodeSystem/procedure-timing-context-cs",
                  "code": "post-acute",
                  "display": "Acute Phase (<24h)"
                }
              ]
            }
          }
        ],
        "status": "completed",
        "code": {
          "coding": [
            {
              "system": "http://snomed.info/sct",
              "code": "58920005",
              "display": "Angiography of carotid artery (procedure)"
            }
          ]
        },
        "subject": {
          "reference": "urn:uuid:c2156dd5-4f4d-460f-87a5-847390540a83"
        },
        "encounter": {
          "reference": "urn:uuid:a52fe293-ca84-44fe-baba-fe893d9cc9e9"
        }
      },
      "request": {
        "method": "POST",
        "url": "Procedure"
      }
    },
    {
      "fullUrl": "urn:uuid:37415856-c9ae-4bac-bae6-4cafc44651a8",
      "resource": {
        "resourceType": "Procedure",
        "extension": [
          {
            "url": "http://testSK.org/StructureDefinition/procedure-timing-context-ext",
            "valueCodeableConcept": {
              "coding": [
                {
                  "system": "http://testSK.org/CodeSystem/procedure-timing-context-cs",
                  "code": "post-acute",
                  "display": "Acute Phase (<24h)"
                }
              ]
            }
          }
        ],
        "status": "completed",
        "category": [
          {
            "coding": [
              {
                "system": "http://terminology.hl7.org/CodeSystem/observation-category",
                "code": "imaging",
                "display": "Imaging"
              }
            ]
          }
        ],
        "code": {
          "coding": [
            {
              "system": "http://snomed.info/sct",
              "code": "396205005",
              "display": "Computed tomography of brain without radiopaque contrast (procedure)"
            }
          ]
        },
        "subject": {
          "reference": "urn:uuid:c2156dd5-4f4d-460f-87a5-847390540a83"
        },
        "encounter": {
          "reference": "urn:uuid:a52fe293-ca84-44fe-baba-fe893d9cc9e9"
        },
        "occurrenceDateTime": "2024-03-03T11:52:00+01:00"
      },
      "request": {
        "method": "POST",
        "url": "Procedure"
      }
    },
    {
      "fullUrl": "urn:uuid:35835e04-17fb-4712-a199-2c4ffe7c0c66",
      "resource": {
        "resourceType": "Procedure",
        "meta": {
          "profile": [
            "http://testSK.org/StructureDefinition/stroke-mechanical-procedure-profile"
          ]
        },
        "extension": [
          {
            "url": "http://testSK.org/StructureDefinition/procedure-timing-context-ext",
            "valueCodeableConcept": {
              "coding": [
                {
                  "system": "http://testSK.org/CodeSystem/procedure-timing-context-cs",
                  "code": "post-acute",
                  "display": "Acute Phase (<24h)"
                }
              ]
            }
          }
        ],
        "status": "not-done",
        "statusReason": {
          "coding": [
            {
              "system": "http://testSK.org/CodeSystem/stroke-proc-not-done-reason-cs",
              "code": "time-window",
              "display": "Outside Therapeutic Window"
            }
          ]
        },
        "code": {
          "coding": [
            {
              "system": "http://snomed.info/sct",
              "code": "397046001",
              "display": "Thrombectomy of artery (procedure)"
            }
          ]
        },
        "subject": {
          "reference": "urn:uuid:c2156dd5-4f4d-460f-87a5-847390540a83"
        },
        "encounter": {
          "reference": "urn:uuid:a52fe293-ca84-44fe-baba-fe893d9cc9e9"
        }
      },
      "request": {
        "method": "POST",
        "url": "Procedure"
      }
    },
    {
      "fullUrl": "urn:uuid:8d89da50-1878-4472-8d70-540420490a4c",
      "resource": {
        "resourceType": "Observation",
        "meta": {
          "profile": [
            "http://testSK.org/StructureDefinition/specific-finding-observation-profile"
          ]
        },
        "status": "final",
        "category": [
          {
            "coding": [
              {
                "system": "http://terminology.hl7.org/CodeSystem/observation-category",
                "code": "laboratory",
                "display": "Laboratory"
              }
            ]
          }
        ],
        "code": {
          "coding": [
            {
              "system": "http://snomed.info/sct",
              "code": "49436004",
              "display": "Atrial fibrillation (disorder)"
            }
          ]
        },
        "subject": {
          "reference": "urn:uuid:c2156dd5-4f4d-460f-87a5-847390540a83"
        },
        "encounter": {
          "reference": "urn:uuid:a52fe293-ca84-44fe-baba-fe893d9cc9e9"
        },
        "effectiveDateTime": "2024-03-03T11:37:00+01:00",
        "valueCodeableConcept": {
          "coding": [
            {
              "system": "http://snomed.info/sct",
              "code": "410515003",
              "display": "Known present (qualifier value)"
            }
          ]
        }
      },
      "request": {
        "method": "POST",
        "url": "Observation"
      }
    },
    {
      "fullUrl": "urn:uuid:6cefd14b-cd54-4b99-acff-16e6a98505bc",
      "resource": {
        "resourceType": "MedicationStatement",
        "meta": {
          "profile": [
            "http://testSK.org/StructureDefinition/prior-medication-statement-profile"
          ]
        },
        "status": "recorded",
        "medication": {
          "concept": {
            "coding": [
              {
                "system": "http://snomed.info/sct",
                "code": "315053001",
                "display": "Administration of prophylactic statin (procedure)"
              }
            ]
          }
        },
        "subject": {
          "reference": "urn:uuid:c2156dd5-4f4d-460f-87a5-847390540a83"
        },
        "adherence": {
          "code": {
            "coding": [
              {
                "system": "http://hl7.org/fhir/CodeSystem/medication-statement-adherence",
                "code": "taking",
                "display": "Taking"
              }
            ]
          }
        }
      },
      "request": {
        "method": "POST",
        "url": "MedicationStatement"
      }
    }
  ]
}