{
  "resourceType": "Bundle",
  "type": "transaction",
  "entry": [
    {
      "fullUrl": "urn:uuid:07eec42d-dae7-4f25-b277-7dfd918a0eba",
      "resource": {
        "resourceType": "Organization",
        "identifier": [
          {
            "system": "https://stroke.qualityregistry.org",
            "value": "1482"
          }
        ],
        "active": true,
        "name": "Fakultná nemocnica Nitra"
      },
      "request": {
        "method": "POST",
        "url": "Organization"
      }
    },
    {
      "fullUrl": "urn:uuid:0e0fc18c-1aa6-4a5e-b056-3b45c2b2cfe1",
      "resource": {
        "resourceType": "Patient",
        "id": "298100"
      },
      "request": {
        "method": "POST",
        "url": "Patient"
      }
    },
    {
      "fullUrl": "urn:uuid:4d1984d8-f1ab-4e2b-a4b7-b243a4826c1c",
      "resource": {
        "resourceType": "Encounter",
        "meta": {
          "profile": [
            "http://testSK.org/StructureDefinition/stroke-encounter-profile"
          ]
        },
        "extension": [
          {
            "url": "http://testSK.org/StructureDefinition/initial-care-intensity-ext",
            "valueCodeableConcept": {
              "coding": [
                {
                  "system": "http://testSK.org/CodeSystem/initial-care-intensity-cs",
                  "code": "icu-stroke",
                  "display": "ICU / Stroke Unit"
                }
              ]
            }
          },
          {
            "url": "http://testSK.org/StructureDefinition/first-hospital-ext",
            "valueBoolean": true
          },
          {
            "url": "http://testSK.org/StructureDefinition/required-post-acute-care-ext",
            "valueBoolean": true
          }
        ],
        "status": "completed",
        "class": [
          {
            "coding": [
              {
                "system": "http://terminology.hl7.org/CodeSystem/v3-ActCode",
                "code": "IMP",
                "display": "inpatient encounter"
              }
            ]
          }
        ],
        "subject": {
          "reference": "urn:uuid:0e0fc18c-1aa6-4a5e-b056-3b45c2b2cfe1"
        },
        "actualPeriod": {
          "start": "2024-06-27T11:39:00+02:00",
          "end": "2024-07-06T09:19:00+02:00"
        },
        "admission": {
          "admitSource": {
            "coding": [
              {
                "system": "http://testSK.org/CodeSystem/stroke-arrival-mode-cs",
                "code": "ems-home",
                "display": "EMS from Home"
              }
            ]
          },
          "dischargeDisposition": {
            "coding": [
              {
                "system": "http://snomed.info/sct",
                "code": "306689006",
                "display": "Discharge to home (procedure)"
              }
            ]
          }
        }
      },
      "request": {
        "method": "POST",
        "url": "Encounter"
      }
    },
    {
      "fullUrl": "urn:uuid:dd8e6901-d444-4fc5-9d86-a808e4e568ea",
      "resource": {
        "resourceType": "Condition",
        "meta": {
          "profile": [
            "http://testSK.org/StructureDefinition/stroke-diagnosis-condition-profile"
          ]
        },
        "extension": [
          {
            "url": "http://testSK.org/StructureDefinition/ischemic-stroke-etiology-ext",
            "valueCodeableConcept": {
              "coding": [
                {
                  "system": "http://testSK.org/CodeSystem/stroke-etiology-cs",
                  "code": "atherosclerosis",
                  "display": "Stroke Etiology Atherosclerosis"
                }
              ]
            }
          },
          {
            "url": "http://testSK.org/StructureDefinition/onset-date-ext",
            "valueDate": "2024-06-27"
          },
          {
            "url": "http://testSK.org/StructureDefinition/onset-time-ext",
            "valueTime": "07:59:00"
          }
        ],
        "clinicalStatus": {
          "coding": [
            {
              "system": "http://terminology.hl7.org/CodeSystem/condition-clinical",
              "code": "active",
              "display": "Active"
            }
          ]
        },
        "verificationStatus": {
          "coding": [
            {
              "system": "http://terminology.hl7.org/CodeSystem/condition-ver-status",
              "code": "confirmed",
              "display": "Confirmed"
            }
          ]
        },
        "code": {
          "coding": [
            {
              "system": "http://snomed.info/sct",
              "code": "422504002",
              "display": "Ischemic stroke (disorder)"
            }
          ]
        },
        "subject": {
          "reference": "urn:uuid:0e0fc18c-1aa6-4a5e-b056-3b45c2b2cfe1"
        },
        "encounter": {
          "reference": "urn:uuid:4d1984d8-f1ab-4e2b-a4b7-b243a4826c1c"
        }
      },
      "request": {
        "method": "POST",
        "url": "Condition"
      }
    },
    {
      "fullUrl": "urn:uuid:8335d131-73df-4e7b-9c65-59b5f145f77c",
      "resource": {
        "resourceType": "Observation",
        "meta": {
          "profile": [
            "http://testSK.org/StructureDefinition/vital-sign-observation-profile"
          ]
        },
        "status": "final",
        "category": [
          {
            "coding": [
              {
                "system": "http://terminology.hl7.org/CodeSystem/observation-category",
                "code": "vital-signs",
                "display": "Vital Signs"
              }
            ]
          }
        ],
        "code": {
          "coding": [
            {
              "system": "http://snomed.info/sct",
              "code": "61746007",
              "display": "Taking patient vital signs (procedure)"
            }
          ]
        },
        "subject": {
          "reference": "urn:uuid:0e0fc18c-1aa6-4a5e-b056-3b45c2b2cfe1"
        },
        "encounter": {
          "reference": "urn:uuid:4d1984d8-f1ab-4e2b-a4b7-b243a4826c1c"
        },
        "component": [
          {
            "code": {
              "coding": [
                {
                  "system": "http://snomed.info/sct",
                  "code": "271649006",
                  "display": "Systolic blood pressure (observable entity)"
                }
              ]
            },
            "valueQuantity": {
              "value": 136.0,
              "unit": "millimeter Mercury column",
              "system": "https://ucum.org/ucum",
              "code": "mm[Hg]"
            }
          },
          {
            "code": {
              "coding": [
                {
                  "system": "http://snomed.info/sct",
                  "code": "271650006",
                  "display": "Diastolic blood pressure (observable entity)"
                }
              ]
            },
            "valueQuantity": {
              "value": 96.0,
              "unit": "millimeter Mercury column",
              "system": "https://ucum.org/ucum",
              "code": "mm[Hg]"
            }
          }
        ]
      },
      "request": {
        "method": "POST",
        "url": "Observation"
      }
    },
    {
      "fullUrl": "urn:uuid:cfa73ebd-e124-44f7-84fe-40bd6e8f18cd",
      "resource": {
        "resourceType": "Observation",
        "meta": {
          "profile": [
            "http://testSK.org/StructureDefinition/functional-score-observation-profile"
          ]
        },
        "extension": [
          {
            "url": "http://testSK.org/StructureDefinition/observation-timing-context-ext",
            "valueCodeableConcept": {
              "coding": [
                {
                  "system": "http://testSK.org/CodeSystem/assessment-context-cs",
                  "code": "pre-stroke",
                  "display": "Pre-stroke"
                }
              ]
            }
          }
        ],
        "status": "final",
        "category": [
          {
            "coding": [
              {
                "system": "http://terminology.hl7.org/CodeSystem/observation-category",
                "code": "exam",
                "display": "Exam"
              }
            ]
          }
        ],
        "code": {
          "coding": [
            {
              "system": "http://snomed.info/sct",
              "code": "1255866005",
              "display": "Modified Rankin Scale score (observable entity)"
            }
          ]
        },
        "subject": {
          "reference": "urn:uuid:0e0fc18c-1aa6-4a5e-b056-3b45c2b2cfe1"
        },
        "encounter": {
          "reference": "urn:uuid:4d1984d8-f1ab-4e2b-a4b7-b243a4826c1c"
        },
        "valueCodeableConcept": {
          "coding": [
            {
              "system": "http://testSK.org/CodeSystem/mrs-score-cs",
              "code": "1",
              "display": "No significant disability despite symptoms; able to carry out all usual duties and activities"
            }
          ]
        }
      },
      "request": {
        "method": "POST",
        "url": "Observation"
      }
    },
    {
      "fullUrl": "urn:uuid:18529523-28d6-4ad4-af4b-ddc450a86d45",
      "resource": {
        "resourceType": "Observation",
        "meta": {
          "profile": [
            "http://testSK.org/StructureDefinition/functional-score-observation-profile"
          ]
        },
        "extension": [
          {
            "url": "http://testSK.org/StructureDefinition/observation-timing-context-ext",
            "valueCodeableConcept": {
              "coding": [
                {
                  "system": "http://testSK.org/CodeSystem/assessment-context-cs",
                  "code": "discharge",
                  "display": "Discharge"
                }
              ]
            }
          }
        ],
        "status": "final",
        "category": [
          {
            "coding": [
              {
                "system": "http://terminology.hl7.org/CodeSystem/observation-category",
                "code": "exam",
                "display": "Exam"
              }
            ]
          }
        ],
        "code": {
          "coding": [
            {
              "system": "http://snomed.info/sct",
              "code": "1255866005",
              "display": "Modified Rankin Scale score (observable entity)"
            }
          ]
        },
        "subject": {
          "reference": "urn:uuid:0e0fc18c-1aa6-4a5e-b056-3b45c2b2cfe1"
        },
        "encounter": {
          "reference": "urn:uuid:4d1984d8-f1ab-4e2b-a4b7-b243a4826c1c"
        },
        "valueCodeableConcept": {
          "coding": [
            {
              "system": "http://testSK.org/CodeSystem/mrs-score-cs",
              "code": "4",
              "display": "Moderately severe disability; unable to walk without assistance and unable to attend to own bodily needs without assistance"
            }
          ]
        }
      },
      "request": {
        "method": "POST",
        "url": "Observation"
      }
    },
    {
      "fullUrl": "urn:uuid:a5466648-d35a-4a0b-9ac8-44c1e44f5c10",
      "resource": {
        "resourceType": "Observation",
        "meta": {
          "profile": [
            "http://testSK.org/StructureDefinition/functional-score-observation-profile"
          ]
        },
        "extension": [
          {
            "url": "http://testSK.org/StructureDefinition/observation-timing-context-ext",
            "valueCodeableConcept": {
              "coding": [
                {
                  "system": "http://testSK.org/CodeSystem/assessment-context-cs",
                  "code": "3-month",
                  "display": "3 Month Follow-up"
                }
              ]
            }
          }
        ],
        "status": "final",
        "category": [
          {
            "coding": [
              {
                "system": "http://terminology.hl7.org/CodeSystem/observation-category",
                "code": "exam",
                "display": "Exam"
              }
            ]
          }
        ],
        "code": {
          "coding": [
            {
              "system": "http://snomed.info/sct",
              "code": "1255866005",
              "display": "Modified Rankin Scale score (observable entity)"
            }
          ]
        },
        "subject": {
          "reference": "urn:uuid:0e0fc18c-1aa6-4a5e-b056-3b45c2b2cfe1"
        },
        "encounter": {
          "reference": "urn:uuid:4d1984d8-f1ab-4e2b-a4b7-b243a4826c1c"
        },
        "valueCodeableConcept": {
          "coding": [
            {
              "system": "http://testSK.org/CodeSystem/mrs-score-cs",
              "code": "4",
              "display": "Moderately severe disability; unable to walk without assistance and unable to attend to own bodily needs without assistance"
            }
          ]
        }
      },
      "request": {
        "method": "POST",
        "url": "Observation"
      }
    },
    {
      "fullUrl": "urn:uuid:f3f983cf-3896-4c52-b2a1-342346d31d7c",
      "resource": {
        "resourceType": "Observation",
        "meta": {
          "profile": [
            "http://testSK.org/StructureDefinition/functional-score-observation-profile"
          ]
        },
        "extension": [
          {
            "url": "http://testSK.org/StructureDefinition/observation-timing-context-ext",
            "valueCodeableConcept": {
              "coding": [
                {
                  "system": "http://testSK.org/CodeSystem/assessment-context-cs",
                  "code": "admission",
                  "display": "Admission"
                }
              ]
            }
          }
        ],
        "status": "final",
        "category": [
          {
            "coding": [
              {
                "system": "http://terminology.hl7.org/CodeSystem/observation-category",
                "code": "exam",
                "display": "Exam"
              }
            ]
          }
        ],
        "code": {
          "coding": [
            {
              "system": "http://snomed.info/sct",
              "code": "450743008",
              "display": "National Institutes of Health stroke scale score (observable entity)"
            }
          ]
        },
        "subject": {
          "reference": "urn:uuid:0e0fc18c-1aa6-4a5e-b056-3b45c2b2cfe1"
        },
        "encounter": {
          "reference": "urn:uuid:4d1984d8-f1ab-4e2b-a4b7-b243a4826c1c"
        },
        "valueInteger": 12
      },
      "request": {
        "method": "POST",
        "url": "Observation"
      }
    },
    {
      "fullUrl": "urn:uuid:7c12aed9-5f0a-4429-bcd6-511e149f97fa",
      "resource": {
        "resourceType": "Observation",
        "meta": {
          "profile": [
            "http://testSK.org/StructureDefinition/functional-score-observation-profile"
          ]
        },
        "extension": [
          {
            "url": "http://testSK.org/StructureDefinition/observation-timing-context-ext",
            "valueCodeableConcept": {
              "coding": [
                {
                  "system": "http://testSK.org/CodeSystem/assessment-context-cs",
                  "code": "discharge",
                  "display": "Discharge"
                }
              ]
            }
          }
        ],
        "status": "final",
        "category": [
          {
            "coding": [
              {
                "system": "http://terminology.hl7.org/CodeSystem/observation-category",
                "code": "exam",
                "display": "Exam"
              }
            ]
          }
        ],
        "code": {
          "coding": [
            {
              "system": "http://snomed.info/sct",
              "code": "450743008",
              "display": "National Institutes of Health stroke scale score (observable entity)"
            }
          ]
        },
        "subject": {
          "reference": "urn:uuid:0e0fc18c-1aa6-4a5e-b056-3b45c2b2cfe1"
        },
        "encounter": {
          "reference": "urn:uuid:4d1984d8-f1ab-4e2b-a4b7-b243a4826c1c"
        },
        "valueInteger": 12
      },
      "request": {
        "method": "POST",
        "url": "Observation"
      }
    },
    {
      "fullUrl": "urn:uuid:7b9c5060-b895-4f68-be58-98d9d735f551",
      "resource": {
        "resourceType": "Observation",
        "status": "final",
        "code": {
          "coding": [
            {
              "system": "http://snomed.info/sct",
              "code": "445518008",
              "display": "Age at onset of clinical finding (observable entity)"
            }
          ]
        },
        "subject": {
          "reference": "urn:uuid:0e0fc18c-1aa6-4a5e-b056-3b45c2b2cfe1"
        },
        "encounter": {
          "reference": "urn:uuid:4d1984d8-f1ab-4e2b-a4b7-b243a4826c1c"
        },
        "valueInteger": 68
      },
      "request": {
        "method": "POST",
        "url": "Observation"
      }
    },
    {
      "fullUrl": "urn:uuid:15bfb1a4-d5dd-4ba9-af84-1ab599a20be4",
      "resource": {
        "resourceType": "Procedure",
        "meta": {
          "profile": [
            "http://testSK.org/StructureDefinition/stroke-carotid-imaging-procedure-profile"
          ]
        },
        "extension": [
          {
            "url": "http://testSK.org/StructureDefinition/procedure-timing-context-ext",
            "valueCodeableConcept": {
              "coding": [
                {
                  "system": "http://testSK.org/CodeSystem/procedure-timing-context-cs",
                  "code": "post-acute",
                  "display": "Acute Phase (<24h)"
                }
              ]
            }
          }
        ],
        "status": "completed",
        "code": {
          "coding": [
            {
              "system": "http://snomed.info/sct",
              "code": "58920005",
              "display": "Angiography of carotid artery (procedure)"
            }
          ]
        },
        "subject": {
          "reference": "urn:uuid:0e0fc18c-1aa6-4a5e-b056-3b45c2b2cfe1"
        },
        "encounter": {
          "reference": "urn:uuid:4d1984d8-f1ab-4e2b-a4b7-b243a4826c1c"
        }
      },
      "request": {
        "method": "POST",
        "url": "Procedure"
      }
    },
    {
      "fullUrl": "urn:uuid:0c284af5-3c8b-423e-af04-d33b8c5c3f2b",
      "resource": {
        "resourceType": "Observation",
        "meta": {
          "profile": [
            "http://testSK.org/StructureDefinition/base-stroke-observation"
          ]
        },
        "status": "final",
        "code": {
          "coding": [
            {
              "system": "http://snomed.info/sct",
              "code": "77176002",
              "display": "Smoker (finding)"
            }
          ]
        },
        "subject": {
          "reference": "urn:uuid:0e0fc18c-1aa6-4a5e-b056-3b45c2b2cfe1"
        },
        "encounter": {
          "reference": "urn:uuid:4d1984d8-f1ab-4e2b-a4b7-b243a4826c1c"
        }
      },
      "request": {
        "method": "POST",
        "url": "Observation"
      }
    },
    {
      "fullUrl": "urn:uuid:90b6884b-8ff0-4a42-963a-37fb57091a68",
      "resource": {
        "resourceType": "Procedure",
        "extension": [
          {
            "url": "http://testSK.org/StructureDefinition/procedure-timing-context-ext",
            "valueCodeableConcept": {
              "coding": [
                {
                  "system": "http://testSK.org/CodeSystem/procedure-timing-context-cs",
                  "code": "post-acute",
                  "display": "Acute Phase (<24h)"
                }
              ]
            }
          }
        ],
        "status": "completed",
        "category": [
          {
            "coding": [
              {
                "system": "http://terminology.hl7.org/CodeSystem/observation-category",
                "code": "imaging",
                "display": "Imaging"
              }
            ]
          }
        ],
        "code": {
          "coding": [
            {
              "system": "http://snomed.info/sct",
              "code": "396205005",
              "display": "Computed tomography of brain without radiopaque contrast (procedure)"
            }
          ]
        },
        "subject": {
          "reference": "urn:uuid:0e0fc18c-1aa6-4a5e-b056-3b45c2b2cfe1"
        },
        "encounter": {
          "reference": "urn:uuid:4d1984d8-f1ab-4e2b-a4b7-b243a4826c1c"
        },
        "occurrenceDateTime": "2024-06-27T11:55:00+02:00"
      },
      "request": {
        "method": "POST",
        "url": "Procedure"
      }
    },
    {
      "fullUrl": "urn:uuid:4c7d8c19-0ace-40bf-8baa-f9b3b8a30f7c",
      "resource": {
        "resourceType": "Procedure",
        "meta": {
          "profile": [
            "http://testSK.org/StructureDefinition/stroke-mechanical-procedure-profile"
          ]
        },
        "extension": [
          {
            "url": "http://testSK.org/StructureDefinition/procedure-timing-context-ext",
            "valueCodeableConcept": {
              "coding": [
                {
                  "system": "http://testSK.org/CodeSystem/procedure-timing-context-cs",
                  "code": "post-acute",
                  "display": "Acute Phase (<24h)"
                }
              ]
            }
          }
        ],
        "status": "not-done",
        "statusReason": {
          "coding": [
            {
              "system": "http://testSK.org/CodeSystem/stroke-proc-not-done-reason-cs",
              "code": "mild-deficit",
              "display": "Mild Deficit"
            }
          ]
        },
        "code": {
          "coding": [
            {
              "system": "http://snomed.info/sct",
              "code": "397046001",
              "display": "Thrombectomy of artery (procedure)"
            }
          ]
        },
        "subject": {
          "reference": "urn:uuid:0e0fc18c-1aa6-4a5e-b056-3b45c2b2cfe1"
        },
        "encounter": {
          "reference": "urn:uuid:4d1984d8-f1ab-4e2b-a4b7-b243a4826c1c"
        }
      },
      "request": {
        "method": "POST",
        "url": "Procedure"
      }
    },
    {
      "fullUrl": "urn:uuid:b80963b9-2adb-47b1-93f0-57df69a2b511",
      "resource": {
        "resourceType": "Observation",
        "meta": {
          "profile": [
            "http://testSK.org/StructureDefinition/specific-finding-observation-profile"
          ]
        },
        "status": "final",
        "category": [
          {
            "coding": [
              {
                "system": "http://terminology.hl7.org/CodeSystem/observation-category",
                "code": "laboratory",
                "display": "Laboratory"
              }
            ]
          }
        ],
        "code": {
          "coding": [
            {
              "system": "http://snomed.info/sct",
              "code": "49436004",
              "display": "Atrial fibrillation (disorder)"
            }
          ]
        },
        "subject": {
          "reference": "urn:uuid:0e0fc18c-1aa6-4a5e-b056-3b45c2b2cfe1"
        },
        "encounter": {
          "reference": "urn:uuid:4d1984d8-f1ab-4e2b-a4b7-b243a4826c1c"
        },
        "effectiveDateTime": "2024-06-27T11:39:00+02:00",
        "valueCodeableConcept": {
          "coding": [
            {
              "system": "http://snomed.info/sct",
              "code": "410516002",
              "display": "Known absent (qualifier value)"
            }
          ]
        }
      },
      "request": {
        "method": "POST",
        "url": "Observation"
      }
    },
    {
      "fullUrl": "urn:uuid:527b4030-8a53-490a-b3e6-8034791d9cbd",
      "resource": {
        "resourceType": "MedicationStatement",
        "meta": {
          "profile": [
            "http://testSK.org/StructureDefinition/prior-medication-statement-profile"
          ]
        },
        "status": "recorded",
        "medication": {
          "concept": {
            "coding": [
              {
                "system": "http://testSK.org/CodeSystem/medication-statement-cs",
                "code": "antidiabetic",
                "display": "Any Antidiabetic"
              }
            ]
          }
        },
        "subject": {
          "reference": "urn:uuid:0e0fc18c-1aa6-4a5e-b056-3b45c2b2cfe1"
        },
        "encounter": {
          "reference": "urn:uuid:4d1984d8-f1ab-4e2b-a4b7-b243a4826c1c"
        },
        "adherence": {
          "code": {
            "coding": [
              {
                "system": "http://hl7.org/fhir/CodeSystem/medication-statement-adherence",
                "code": "taking",
                "display": "Taking"
              }
            ]
          }
        }
      },
      "request": {
        "method": "POST",
        "url": "MedicationStatement"
      }
    },
    {
      "fullUrl": "urn:uuid:fef175c8-1ca1-49af-910a-5536bee71ee7",
      "resource": {
        "resourceType": "MedicationStatement",
        "meta": {
          "profile": [
            "http://testSK.org/StructureDefinition/prior-medication-statement-profile"
          ]
        },
        "status": "recorded",
        "medication": {
          "concept": {
            "coding": [
              {
                "system": "http://snomed.info/sct",
                "code": "308116003",
                "display": "Antihypertensive therapy (procedure)"
              }
            ]
          }
        },
        "subject": {
          "reference": "urn:uuid:0e0fc18c-1aa6-4a5e-b056-3b45c2b2cfe1"
        },
        "encounter": {
          "reference": "urn:uuid:4d1984d8-f1ab-4e2b-a4b7-b243a4826c1c"
        },
        "adherence": {
          "code": {
            "coding": [
              {
                "system": "http://hl7.org/fhir/CodeSystem/medication-statement-adherence",
                "code": "not-taking",
                "display": "Not Taking"
              }
            ]
          }
        }
      },
      "request": {
        "method": "POST",
        "url": "MedicationStatement"
      }
    },
    {
      "fullUrl": "urn:uuid:6bfaa2ad-a137-4db1-a9e6-31793cd749af",
      "resource": {
        "resourceType": "MedicationStatement",
        "meta": {
          "profile": [
            "http://testSK.org/StructureDefinition/prior-medication-statement-profile"
          ]
        },
        "status": "recorded",
        "medication": {
          "concept": {
            "coding": [
              {
                "system": "http://snomed.info/sct",
                "code": "182764009",
                "display": "Anticoagulant therapy (procedure)"
              }
            ]
          }
        },
        "subject": {
          "reference": "urn:uuid:0e0fc18c-1aa6-4a5e-b056-3b45c2b2cfe1"
        },
        "encounter": {
          "reference": "urn:uuid:4d1984d8-f1ab-4e2b-a4b7-b243a4826c1c"
        },
        "adherence": {
          "code": {
            "coding": [
              {
                "system": "http://hl7.org/fhir/CodeSystem/medication-statement-adherence",
                "code": "not-taking",
                "display": "Not Taking"
              }
            ]
          }
        }
      },
      "request": {
        "method": "POST",
        "url": "MedicationStatement"
      }
    },
    {
      "fullUrl": "urn:uuid:08ab3568-2008-4fa4-ab89-37cf79440e0f",
      "resource": {
        "resourceType": "MedicationStatement",
        "meta": {
          "profile": [
            "http://testSK.org/StructureDefinition/prior-medication-statement-profile"
          ]
        },
        "status": "recorded",
        "medication": {
          "concept": {
            "coding": [
              {
                "system": "http://testSK.org/CodeSystem/medication-statement-cs",
                "code": "antiplatelet",
                "display": "Any Antiplatelet"
              }
            ]
          }
        },
        "subject": {
          "reference": "urn:uuid:0e0fc18c-1aa6-4a5e-b056-3b45c2b2cfe1"
        },
        "encounter": {
          "reference": "urn:uuid:4d1984d8-f1ab-4e2b-a4b7-b243a4826c1c"
        },
        "adherence": {
          "code": {
            "coding": [
              {
                "system": "http://hl7.org/fhir/CodeSystem/medication-statement-adherence",
                "code": "not-taking",
                "display": "Not Taking"
              }
            ]
          }
        }
      },
      "request": {
        "method": "POST",
        "url": "MedicationStatement"
      }
    },
    {
      "fullUrl": "urn:uuid:50554ad1-d2e3-4689-a56d-1b94cf3e1b71",
      "resource": {
        "resourceType": "MedicationStatement",
        "meta": {
          "profile": [
            "http://testSK.org/StructureDefinition/prior-medication-statement-profile"
          ]
        },
        "status": "recorded",
        "medication": {
          "concept": {
            "coding": [
              {
                "system": "http://testSK.org/CodeSystem/medication-statement-cs",
                "code": "aspirin",
                "display": "Aspirin"
              }
            ]
          }
        },
        "subject": {
          "reference": "urn:uuid:0e0fc18c-1aa6-4a5e-b056-3b45c2b2cfe1"
        },
        "encounter": {
          "reference": "urn:uuid:4d1984d8-f1ab-4e2b-a4b7-b243a4826c1c"
        },
        "adherence": {
          "code": {
            "coding": [
              {
                "system": "http://hl7.org/fhir/CodeSystem/medication-statement-adherence",
                "code": "not-taking",
                "display": "Not Taking"
              }
            ]
          }
        }
      },
      "request": {
        "method": "POST",
        "url": "MedicationStatement"
      }
    },
    {
      "fullUrl": "urn:uuid:ac6b70d0-7f98-4d97-ba7e-e979a90a7406",
      "resource": {
        "resourceType": "MedicationStatement",
        "meta": {
          "profile": [
            "http://testSK.org/StructureDefinition/prior-medication-statement-profile"
          ]
        },
        "status": "recorded",
        "medication": {
          "concept": {
            "coding": [
              {
                "system": "http://testSK.org/CodeSystem/medication-statement-cs",
                "code": "clopidogrel",
                "display": "Clopidogrel"
              }
            ]
          }
        },
        "subject": {
          "reference": "urn:uuid:0e0fc18c-1aa6-4a5e-b056-3b45c2b2cfe1"
        },
        "encounter": {
          "reference": "urn:uuid:4d1984d8-f1ab-4e2b-a4b7-b243a4826c1c"
        },
        "adherence": {
          "code": {
            "coding": [
              {
                "system": "http://hl7.org/fhir/CodeSystem/medication-statement-adherence",
                "code": "not-taking",
                "display": "Not Taking"
              }
            ]
          }
        }
      },
      "request": {
        "method": "POST",
        "url": "MedicationStatement"
      }
    },
    {
      "fullUrl": "urn:uuid:5ca43466-8e32-4a1d-a6f6-952e4be59e4d",
      "resource": {
        "resourceType": "MedicationStatement",
        "meta": {
          "profile": [
            "http://testSK.org/StructureDefinition/prior-medication-statement-profile"
          ]
        },
        "status": "recorded",
        "medication": {
          "concept": {
            "coding": [
              {
                "system": "http://snomed.info/sct",
                "code": "1237404009",
                "display": "Uses hormone method of contraception (finding)"
              }
            ]
          }
        },
        "subject": {
          "reference": "urn:uuid:0e0fc18c-1aa6-4a5e-b056-3b45c2b2cfe1"
        },
        "encounter": {
          "reference": "urn:uuid:4d1984d8-f1ab-4e2b-a4b7-b243a4826c1c"
        },
        "adherence": {
          "code": {
            "coding": [
              {
                "system": "http://hl7.org/fhir/CodeSystem/medication-statement-adherence",
                "code": "not-taking",
                "display": "Not Taking"
              }
            ]
          }
        }
      },
      "request": {
        "method": "POST",
        "url": "MedicationStatement"
      }
    },
    {
      "fullUrl": "urn:uuid:7b10651f-754c-4500-b566-5e4a2a1aa225",
      "resource": {
        "resourceType": "MedicationStatement",
        "meta": {
          "profile": [
            "http://testSK.org/StructureDefinition/prior-medication-statement-profile"
          ]
        },
        "status": "recorded",
        "medication": {
          "concept": {
            "coding": [
              {
                "system": "http://snomed.info/sct",
                "code": "182764009",
                "display": "Anticoagulant therapy (procedure)"
              }
            ]
          }
        },
        "subject": {
          "reference": "urn:uuid:0e0fc18c-1aa6-4a5e-b056-3b45c2b2cfe1"
        },
        "encounter": {
          "reference": "urn:uuid:4d1984d8-f1ab-4e2b-a4b7-b243a4826c1c"
        },
        "adherence": {
          "code": {
            "coding": [
              {
                "system": "http://hl7.org/fhir/CodeSystem/medication-statement-adherence",
                "code": "not-taking",
                "display": "Not Taking"
              }
            ]
          }
        }
      },
      "request": {
        "method": "POST",
        "url": "MedicationStatement"
      }
    },
    {
      "fullUrl": "urn:uuid:3074227a-d1bc-45eb-ba57-083b4c880055",
      "resource": {
        "resourceType": "MedicationStatement",
        "meta": {
          "profile": [
            "http://testSK.org/StructureDefinition/prior-medication-statement-profile"
          ]
        },
        "status": "recorded",
        "medication": {
          "concept": {
            "coding": [
              {
                "system": "http://snomed.info/sct",
                "code": "315053001",
                "display": "Administration of prophylactic statin (procedure)"
              }
            ]
          }
        },
        "subject": {
          "reference": "urn:uuid:0e0fc18c-1aa6-4a5e-b056-3b45c2b2cfe1"
        },
        "encounter": {
          "reference": "urn:uuid:4d1984d8-f1ab-4e2b-a4b7-b243a4826c1c"
        },
        "adherence": {
          "code": {
            "coding": [
              {
                "system": "http://hl7.org/fhir/CodeSystem/medication-statement-adherence",
                "code": "not-taking",
                "display": "Not Taking"
              }
            ]
          }
        }
      },
      "request": {
        "method": "POST",
        "url": "MedicationStatement"
      }
    },
    {
      "fullUrl": "urn:uuid:e9b9bd5e-f0f6-4e1f-ad9f-da8317d77c6c",
      "resource": {
        "resourceType": "MedicationStatement",
        "meta": {
          "profile": [
            "http://testSK.org/StructureDefinition/prior-medication-statement-profile"
          ]
        },
        "status": "recorded",
        "medication": {
          "concept": {
            "coding": [
              {
                "system": "http://snomed.info/sct",
                "code": "722045009",
                "display": "Warfarin therapy (procedure)"
              }
            ]
          }
        },
        "subject": {
          "reference": "urn:uuid:0e0fc18c-1aa6-4a5e-b056-3b45c2b2cfe1"
        },
        "encounter": {
          "reference": "urn:uuid:4d1984d8-f1ab-4e2b-a4b7-b243a4826c1c"
        },
        "adherence": {
          "code": {
            "coding": [
              {
                "system": "http://hl7.org/fhir/CodeSystem/medication-statement-adherence",
                "code": "not-taking",
                "display": "Not Taking"
              }
            ]
          }
        }
      },
      "request": {
        "method": "POST",
        "url": "MedicationStatement"
      }
    },
    {
      "fullUrl": "urn:uuid:17aa252a-d175-4143-8bab-8726a6445ab8",
      "resource": {
        "resourceType": "MedicationRequest",
        "meta": {
          "profile": [
            "http://testSK.org/StructureDefinition/discharge-medication-request-profile"
          ]
        },
        "status": "active",
        "intent": "order",
        "category": [
          {
            "coding": [
              {
                "system": "http://terminology.hl7.org/CodeSystem/medicationrequest-admin-location",
                "code": "community",
                "display": "Community"
              }
            ]
          }
        ],
        "medication": {
          "concept": {
            "coding": [
              {
                "system": "http://testSK.org/CodeSystem/discharge-medication-cs",
                "code": "antiplatelet",
                "display": "Any Antiplatelet"
              }
            ]
          }
        },
        "subject": {
          "reference": "urn:uuid:0e0fc18c-1aa6-4a5e-b056-3b45c2b2cfe1"
        },
        "encounter": {
          "reference": "urn:uuid:4d1984d8-f1ab-4e2b-a4b7-b243a4826c1c"
        }
      },
      "request": {
        "method": "POST",
        "url": "MedicationRequest"
      }
    },
    {
      "fullUrl": "urn:uuid:23dfbd77-e89d-43ab-a2c6-d4fa4417c0fd",
      "resource": {
        "resourceType": "MedicationRequest",
        "meta": {
          "profile": [
            "http://testSK.org/StructureDefinition/discharge-medication-request-profile"
          ]
        },
        "status": "active",
        "intent": "order",
        "category": [
          {
            "coding": [
              {
                "system": "http://terminology.hl7.org/CodeSystem/medicationrequest-admin-location",
                "code": "community",
                "display": "Community"
              }
            ]
          }
        ],
        "medication": {
          "concept": {
            "coding": [
              {
                "system": "http://testSK.org/CodeSystem/discharge-medication-cs",
                "code": "clopidogrel",
                "display": "Clopidogrel"
              }
            ]
          }
        },
        "subject": {
          "reference": "urn:uuid:0e0fc18c-1aa6-4a5e-b056-3b45c2b2cfe1"
        },
        "encounter": {
          "reference": "urn:uuid:4d1984d8-f1ab-4e2b-a4b7-b243a4826c1c"
        }
      },
      "request": {
        "method": "POST",
        "url": "MedicationRequest"
      }
    },
    {
      "fullUrl": "urn:uuid:7a8e2ee8-c056-4cf4-ba7e-81cb259a27e8",
      "resource": {
        "resourceType": "MedicationRequest",
        "meta": {
          "profile": [
            "http://testSK.org/StructureDefinition/discharge-medication-request-profile"
          ]
        },
        "status": "active",
        "intent": "order",
        "category": [
          {
            "coding": [
              {
                "system": "http://terminology.hl7.org/CodeSystem/medicationrequest-admin-location",
                "code": "community",
                "display": "Community"
              }
            ]
          }
        ],
        "medication": {
          "concept": {
            "coding": [
              {
                "system": "http://testSK.org/CodeSystem/discharge-medication-cs",
                "code": "other",
                "display": "Other"
              }
            ]
          }
        },
        "subject": {
          "reference": "urn:uuid:0e0fc18c-1aa6-4a5e-b056-3b45c2b2cfe1"
        },
        "encounter": {
          "reference": "urn:uuid:4d1984d8-f1ab-4e2b-a4b7-b243a4826c1c"
        }
      },
      "request": {
        "method": "POST",
        "url": "MedicationRequest"
      }
    }
  ]
}