{
  "resourceType": "Bundle",
  "type": "transaction",
  "entry": [
    {
      "fullUrl": "urn:uuid:e47f167f-7fa7-4c3c-a73a-39b47735fc7d",
      "resource": {
        "resourceType": "Organization",
        "identifier": [
          {
            "system": "https://stroke.qualityregistry.org",
            "value": "1482"
          }
        ],
        "active": true,
        "name": "Fakultná nemocnica Nitra"
      },
      "request": {
        "method": "POST",
        "url": "Organization"
      }
    },
    {
      "fullUrl": "urn:uuid:f5250958-86db-4b72-a3d4-5d5f00be75df",
      "resource": {
        "resourceType": "Patient",
        "id": "685807",
        "extension": [
          {
            "url": "http://testSK.org/StructureDefinition/gender-snomed-ext",
            "valueCodeableConcept": {
              "coding": [
                {
                  "system": "http://snomed.info/sct",
                  "code": "248152002",
                  "display": "Female (finding)"
                }
              ]
            }
          }
        ]
      },
      "request": {
        "method": "POST",
        "url": "Patient"
      }
    },
    {
      "fullUrl": "urn:uuid:6e6a5023-f2f6-4f18-98b5-b81faab50f8d",
      "resource": {
        "resourceType": "Encounter",
        "meta": {
          "profile": [
            "http://testSK.org/StructureDefinition/stroke-encounter-profile"
          ]
        },
        "extension": [
          {
            "url": "http://testSK.org/StructureDefinition/initial-care-intensity-ext",
            "valueCodeableConcept": {
              "coding": [
                {
                  "system": "http://testSK.org/CodeSystem/initial-care-intensity-cs",
                  "code": "icu-stroke",
                  "display": "ICU / Stroke Unit"
                }
              ]
            }
          },
          {
            "url": "http://testSK.org/StructureDefinition/first-hospital-ext",
            "valueBoolean": true
          },
          {
            "url": "http://testSK.org/StructureDefinition/required-post-acute-care-ext",
            "valueBoolean": true
          }
        ],
        "status": "completed",
        "class": [
          {
            "coding": [
              {
                "system": "http://terminology.hl7.org/CodeSystem/v3-ActCode",
                "code": "IMP",
                "display": "inpatient encounter"
              }
            ]
          }
        ],
        "subject": {
          "reference": "urn:uuid:f5250958-86db-4b72-a3d4-5d5f00be75df"
        },
        "actualPeriod": {
          "start": "2024-10-16T00:48:00+02:00",
          "end": "2024-10-21T10:38:00+02:00"
        },
        "admission": {
          "admitSource": {
            "coding": [
              {
                "system": "http://testSK.org/CodeSystem/stroke-arrival-mode-cs",
                "code": "ems-gp",
                "display": "EMS from GP"
              }
            ]
          },
          "dischargeDisposition": {
            "coding": [
              {
                "system": "http://snomed.info/sct",
                "code": "306689006",
                "display": "Discharge to home (procedure)"
              }
            ]
          }
        }
      },
      "request": {
        "method": "POST",
        "url": "Encounter"
      }
    },
    {
      "fullUrl": "urn:uuid:453a37d3-3186-444f-88da-afd425e7f58e",
      "resource": {
        "resourceType": "Condition",
        "meta": {
          "profile": [
            "http://testSK.org/StructureDefinition/stroke-diagnosis-condition-profile"
          ]
        },
        "extension": [
          {
            "url": "http://testSK.org/StructureDefinition/ischemic-stroke-etiology-ext",
            "valueCodeableConcept": {
              "coding": [
                {
                  "system": "http://snomed.info/sct",
                  "code": "413758000",
                  "display": "Cardioembolic stroke (disorder)"
                }
              ]
            }
          },
          {
            "url": "http://testSK.org/StructureDefinition/onset-date-ext",
            "valueDate": "2024-10-15"
          },
          {
            "url": "http://testSK.org/StructureDefinition/onset-time-ext",
            "valueTime": "18:38:00"
          }
        ],
        "clinicalStatus": {
          "coding": [
            {
              "system": "http://terminology.hl7.org/CodeSystem/condition-clinical",
              "code": "active",
              "display": "Active"
            }
          ]
        },
        "verificationStatus": {
          "coding": [
            {
              "system": "http://terminology.hl7.org/CodeSystem/condition-ver-status",
              "code": "confirmed",
              "display": "Confirmed"
            }
          ]
        },
        "code": {
          "coding": [
            {
              "system": "http://snomed.info/sct",
              "code": "422504002",
              "display": "Ischemic stroke (disorder)"
            }
          ]
        },
        "subject": {
          "reference": "urn:uuid:f5250958-86db-4b72-a3d4-5d5f00be75df"
        },
        "encounter": {
          "reference": "urn:uuid:6e6a5023-f2f6-4f18-98b5-b81faab50f8d"
        }
      },
      "request": {
        "method": "POST",
        "url": "Condition"
      }
    },
    {
      "fullUrl": "urn:uuid:f7bff660-d851-49b3-b826-f77cf44b5edc",
      "resource": {
        "resourceType": "Condition",
        "meta": {
          "profile": [
            "http://testSK.org/StructureDefinition/stroke-risk-factor-condition-profile"
          ]
        },
        "clinicalStatus": {
          "coding": [
            {
              "system": "http://terminology.hl7.org/CodeSystem/condition-clinical",
              "code": "active",
              "display": "Active"
            }
          ]
        },
        "verificationStatus": {
          "coding": [
            {
              "system": "http://terminology.hl7.org/CodeSystem/condition-ver-status",
              "code": "differential",
              "display": "Differential"
            }
          ]
        },
        "code": {
          "coding": [
            {
              "system": "http://snomed.info/sct",
              "code": "49436004",
              "display": "Atrial fibrillation (disorder)"
            }
          ]
        },
        "subject": {
          "reference": "urn:uuid:f5250958-86db-4b72-a3d4-5d5f00be75df"
        },
        "encounter": {
          "reference": "urn:uuid:6e6a5023-f2f6-4f18-98b5-b81faab50f8d"
        }
      },
      "request": {
        "method": "POST",
        "url": "Condition"
      }
    },
    {
      "fullUrl": "urn:uuid:18dca08c-8953-40fd-90f5-1946753bc58a",
      "resource": {
        "resourceType": "Condition",
        "meta": {
          "profile": [
            "http://testSK.org/StructureDefinition/stroke-risk-factor-condition-profile"
          ]
        },
        "clinicalStatus": {
          "coding": [
            {
              "system": "http://terminology.hl7.org/CodeSystem/condition-clinical",
              "code": "active",
              "display": "Active"
            }
          ]
        },
        "code": {
          "coding": [
            {
              "system": "http://snomed.info/sct",
              "code": "53741008",
              "display": "Coronary arteriosclerosis (disorder)"
            }
          ]
        },
        "subject": {
          "reference": "urn:uuid:f5250958-86db-4b72-a3d4-5d5f00be75df"
        },
        "encounter": {
          "reference": "urn:uuid:6e6a5023-f2f6-4f18-98b5-b81faab50f8d"
        }
      },
      "request": {
        "method": "POST",
        "url": "Condition"
      }
    },
    {
      "fullUrl": "urn:uuid:68e09c29-ec79-444b-93ac-6fa36eaf002a",
      "resource": {
        "resourceType": "Condition",
        "meta": {
          "profile": [
            "http://testSK.org/StructureDefinition/stroke-risk-factor-condition-profile"
          ]
        },
        "clinicalStatus": {
          "coding": [
            {
              "system": "http://terminology.hl7.org/CodeSystem/condition-clinical",
              "code": "inactive",
              "display": "Inactive"
            }
          ]
        },
        "code": {
          "coding": [
            {
              "system": "http://snomed.info/sct",
              "code": "38341003",
              "display": "Hypertensive disorder, systemic arterial (disorder)"
            }
          ]
        },
        "subject": {
          "reference": "urn:uuid:f5250958-86db-4b72-a3d4-5d5f00be75df"
        },
        "encounter": {
          "reference": "urn:uuid:6e6a5023-f2f6-4f18-98b5-b81faab50f8d"
        }
      },
      "request": {
        "method": "POST",
        "url": "Condition"
      }
    },
    {
      "fullUrl": "urn:uuid:ae8abd71-517a-477e-926d-c10abf6fe2c3",
      "resource": {
        "resourceType": "Condition",
        "meta": {
          "profile": [
            "http://testSK.org/StructureDefinition/stroke-risk-factor-condition-profile"
          ]
        },
        "clinicalStatus": {
          "coding": [
            {
              "system": "http://terminology.hl7.org/CodeSystem/condition-clinical",
              "code": "inactive",
              "display": "Inactive"
            }
          ]
        },
        "code": {
          "coding": [
            {
              "system": "http://snomed.info/sct",
              "code": "73211009",
              "display": "Diabetes mellitus (disorder)"
            }
          ]
        },
        "subject": {
          "reference": "urn:uuid:f5250958-86db-4b72-a3d4-5d5f00be75df"
        },
        "encounter": {
          "reference": "urn:uuid:6e6a5023-f2f6-4f18-98b5-b81faab50f8d"
        }
      },
      "request": {
        "method": "POST",
        "url": "Condition"
      }
    },
    {
      "fullUrl": "urn:uuid:8258567b-27b0-4f9f-8246-7387b16662d7",
      "resource": {
        "resourceType": "Condition",
        "meta": {
          "profile": [
            "http://testSK.org/StructureDefinition/stroke-risk-factor-condition-profile"
          ]
        },
        "clinicalStatus": {
          "coding": [
            {
              "system": "http://terminology.hl7.org/CodeSystem/condition-clinical",
              "code": "inactive",
              "display": "Inactive"
            }
          ]
        },
        "code": {
          "coding": [
            {
              "system": "http://snomed.info/sct",
              "code": "55822004",
              "display": "Hyperlipidemia (disorder)"
            }
          ]
        },
        "subject": {
          "reference": "urn:uuid:f5250958-86db-4b72-a3d4-5d5f00be75df"
        },
        "encounter": {
          "reference": "urn:uuid:6e6a5023-f2f6-4f18-98b5-b81faab50f8d"
        }
      },
      "request": {
        "method": "POST",
        "url": "Condition"
      }
    },
    {
      "fullUrl": "urn:uuid:97702745-a3e2-4c90-89fd-be204c4d0534",
      "resource": {
        "resourceType": "Condition",
        "meta": {
          "profile": [
            "http://testSK.org/StructureDefinition/stroke-risk-factor-condition-profile"
          ]
        },
        "clinicalStatus": {
          "coding": [
            {
              "system": "http://terminology.hl7.org/CodeSystem/condition-clinical",
              "code": "inactive",
              "display": "Inactive"
            }
          ]
        },
        "code": {
          "coding": [
            {
              "system": "http://snomed.info/sct",
              "code": "266257000",
              "display": "Transient ischemic attack (disorder)"
            }
          ]
        },
        "subject": {
          "reference": "urn:uuid:f5250958-86db-4b72-a3d4-5d5f00be75df"
        },
        "encounter": {
          "reference": "urn:uuid:6e6a5023-f2f6-4f18-98b5-b81faab50f8d"
        }
      },
      "request": {
        "method": "POST",
        "url": "Condition"
      }
    },
    {
      "fullUrl": "urn:uuid:7ce48850-49e7-4db0-9adf-3b37220ffd4f",
      "resource": {
        "resourceType": "Condition",
        "meta": {
          "profile": [
            "http://testSK.org/StructureDefinition/stroke-risk-factor-condition-profile"
          ]
        },
        "clinicalStatus": {
          "coding": [
            {
              "system": "http://terminology.hl7.org/CodeSystem/condition-clinical",
              "code": "remission",
              "display": "Remission"
            }
          ]
        },
        "code": {
          "coding": [
            {
              "system": "http://snomed.info/sct",
              "code": "230690007",
              "display": "Cerebrovascular accident (disorder)"
            }
          ]
        },
        "subject": {
          "reference": "urn:uuid:f5250958-86db-4b72-a3d4-5d5f00be75df"
        },
        "encounter": {
          "reference": "urn:uuid:6e6a5023-f2f6-4f18-98b5-b81faab50f8d"
        }
      },
      "request": {
        "method": "POST",
        "url": "Condition"
      }
    },
    {
      "fullUrl": "urn:uuid:149cc626-326c-47a7-b560-34ee86c6fa2c",
      "resource": {
        "resourceType": "Condition",
        "meta": {
          "profile": [
            "http://testSK.org/StructureDefinition/stroke-risk-factor-condition-profile"
          ]
        },
        "clinicalStatus": {
          "coding": [
            {
              "system": "http://terminology.hl7.org/CodeSystem/condition-clinical",
              "code": "remission",
              "display": "Remission"
            }
          ]
        },
        "code": {
          "coding": [
            {
              "system": "http://snomed.info/sct",
              "code": "230706003",
              "display": "Hemorrhagic cerebral infarction (disorder)"
            }
          ]
        },
        "subject": {
          "reference": "urn:uuid:f5250958-86db-4b72-a3d4-5d5f00be75df"
        },
        "encounter": {
          "reference": "urn:uuid:6e6a5023-f2f6-4f18-98b5-b81faab50f8d"
        }
      },
      "request": {
        "method": "POST",
        "url": "Condition"
      }
    },
    {
      "fullUrl": "urn:uuid:2d4ee95c-69e6-4e0c-b0fc-c3bfeaf32c84",
      "resource": {
        "resourceType": "Observation",
        "meta": {
          "profile": [
            "http://testSK.org/StructureDefinition/vital-sign-observation-profile"
          ]
        },
        "status": "final",
        "category": [
          {
            "coding": [
              {
                "system": "http://terminology.hl7.org/CodeSystem/observation-category",
                "code": "vital-signs",
                "display": "Vital Signs"
              }
            ]
          }
        ],
        "code": {
          "coding": [
            {
              "system": "http://snomed.info/sct",
              "code": "61746007",
              "display": "Taking patient vital signs (procedure)"
            }
          ]
        },
        "subject": {
          "reference": "urn:uuid:f5250958-86db-4b72-a3d4-5d5f00be75df"
        },
        "encounter": {
          "reference": "urn:uuid:6e6a5023-f2f6-4f18-98b5-b81faab50f8d"
        },
        "component": [
          {
            "code": {
              "coding": [
                {
                  "system": "http://snomed.info/sct",
                  "code": "271649006",
                  "display": "Systolic blood pressure (observable entity)"
                }
              ]
            },
            "valueQuantity": {
              "value": 106.0,
              "unit": "millimeter Mercury column",
              "system": "https://ucum.org/ucum",
              "code": "mm[Hg]"
            }
          },
          {
            "code": {
              "coding": [
                {
                  "system": "http://snomed.info/sct",
                  "code": "271650006",
                  "display": "Diastolic blood pressure (observable entity)"
                }
              ]
            },
            "valueQuantity": {
              "value": 91.0,
              "unit": "millimeter Mercury column",
              "system": "https://ucum.org/ucum",
              "code": "mm[Hg]"
            }
          }
        ]
      },
      "request": {
        "method": "POST",
        "url": "Observation"
      }
    },
    {
      "fullUrl": "urn:uuid:0d6a6258-5d71-4315-b26e-316796826668",
      "resource": {
        "resourceType": "Observation",
        "meta": {
          "profile": [
            "http://testSK.org/StructureDefinition/functional-score-observation-profile"
          ]
        },
        "extension": [
          {
            "url": "http://testSK.org/StructureDefinition/observation-timing-context-ext",
            "valueCodeableConcept": {
              "coding": [
                {
                  "system": "http://testSK.org/CodeSystem/assessment-context-cs",
                  "code": "pre-stroke",
                  "display": "Pre-stroke"
                }
              ]
            }
          }
        ],
        "status": "final",
        "category": [
          {
            "coding": [
              {
                "system": "http://terminology.hl7.org/CodeSystem/observation-category",
                "code": "exam",
                "display": "Exam"
              }
            ]
          }
        ],
        "code": {
          "coding": [
            {
              "system": "http://snomed.info/sct",
              "code": "1255866005",
              "display": "Modified Rankin Scale score (observable entity)"
            }
          ]
        },
        "subject": {
          "reference": "urn:uuid:f5250958-86db-4b72-a3d4-5d5f00be75df"
        },
        "encounter": {
          "reference": "urn:uuid:6e6a5023-f2f6-4f18-98b5-b81faab50f8d"
        },
        "valueCodeableConcept": {
          "coding": [
            {
              "system": "http://testSK.org/CodeSystem/mrs-score-cs",
              "code": "2",
              "display": "Slight disability; unable to carry out all previous activities, but able to look after own affairs without assistance"
            }
          ]
        }
      },
      "request": {
        "method": "POST",
        "url": "Observation"
      }
    },
    {
      "fullUrl": "urn:uuid:37485372-c440-4220-8e1d-b92f0c41bd65",
      "resource": {
        "resourceType": "Observation",
        "meta": {
          "profile": [
            "http://testSK.org/StructureDefinition/functional-score-observation-profile"
          ]
        },
        "extension": [
          {
            "url": "http://testSK.org/StructureDefinition/observation-timing-context-ext",
            "valueCodeableConcept": {
              "coding": [
                {
                  "system": "http://testSK.org/CodeSystem/assessment-context-cs",
                  "code": "discharge",
                  "display": "Discharge"
                }
              ]
            }
          }
        ],
        "status": "final",
        "category": [
          {
            "coding": [
              {
                "system": "http://terminology.hl7.org/CodeSystem/observation-category",
                "code": "exam",
                "display": "Exam"
              }
            ]
          }
        ],
        "code": {
          "coding": [
            {
              "system": "http://snomed.info/sct",
              "code": "1255866005",
              "display": "Modified Rankin Scale score (observable entity)"
            }
          ]
        },
        "subject": {
          "reference": "urn:uuid:f5250958-86db-4b72-a3d4-5d5f00be75df"
        },
        "encounter": {
          "reference": "urn:uuid:6e6a5023-f2f6-4f18-98b5-b81faab50f8d"
        },
        "valueCodeableConcept": {
          "coding": [
            {
              "system": "http://testSK.org/CodeSystem/mrs-score-cs",
              "code": "3",
              "display": "Moderate disability; requiring some help, but able to walk without assistance"
            }
          ]
        }
      },
      "request": {
        "method": "POST",
        "url": "Observation"
      }
    },
    {
      "fullUrl": "urn:uuid:a2c53bfd-fa03-47b5-9c17-3cb3dc928c9b",
      "resource": {
        "resourceType": "Observation",
        "meta": {
          "profile": [
            "http://testSK.org/StructureDefinition/functional-score-observation-profile"
          ]
        },
        "extension": [
          {
            "url": "http://testSK.org/StructureDefinition/observation-timing-context-ext",
            "valueCodeableConcept": {
              "coding": [
                {
                  "system": "http://testSK.org/CodeSystem/assessment-context-cs",
                  "code": "3-month",
                  "display": "3 Month Follow-up"
                }
              ]
            }
          }
        ],
        "status": "final",
        "category": [
          {
            "coding": [
              {
                "system": "http://terminology.hl7.org/CodeSystem/observation-category",
                "code": "exam",
                "display": "Exam"
              }
            ]
          }
        ],
        "code": {
          "coding": [
            {
              "system": "http://snomed.info/sct",
              "code": "1255866005",
              "display": "Modified Rankin Scale score (observable entity)"
            }
          ]
        },
        "subject": {
          "reference": "urn:uuid:f5250958-86db-4b72-a3d4-5d5f00be75df"
        },
        "encounter": {
          "reference": "urn:uuid:6e6a5023-f2f6-4f18-98b5-b81faab50f8d"
        },
        "valueCodeableConcept": {
          "coding": [
            {
              "system": "http://testSK.org/CodeSystem/mrs-score-cs",
              "code": "1",
              "display": "No significant disability despite symptoms; able to carry out all usual duties and activities"
            }
          ]
        }
      },
      "request": {
        "method": "POST",
        "url": "Observation"
      }
    },
    {
      "fullUrl": "urn:uuid:2a2cb73c-1c16-4cf7-bf63-2379e7d280ba",
      "resource": {
        "resourceType": "Observation",
        "meta": {
          "profile": [
            "http://testSK.org/StructureDefinition/functional-score-observation-profile"
          ]
        },
        "extension": [
          {
            "url": "http://testSK.org/StructureDefinition/observation-timing-context-ext",
            "valueCodeableConcept": {
              "coding": [
                {
                  "system": "http://testSK.org/CodeSystem/assessment-context-cs",
                  "code": "admission",
                  "display": "Admission"
                }
              ]
            }
          }
        ],
        "status": "final",
        "category": [
          {
            "coding": [
              {
                "system": "http://terminology.hl7.org/CodeSystem/observation-category",
                "code": "exam",
                "display": "Exam"
              }
            ]
          }
        ],
        "code": {
          "coding": [
            {
              "system": "http://snomed.info/sct",
              "code": "450743008",
              "display": "National Institutes of Health stroke scale score (observable entity)"
            }
          ]
        },
        "subject": {
          "reference": "urn:uuid:f5250958-86db-4b72-a3d4-5d5f00be75df"
        },
        "encounter": {
          "reference": "urn:uuid:6e6a5023-f2f6-4f18-98b5-b81faab50f8d"
        },
        "valueInteger": 6
      },
      "request": {
        "method": "POST",
        "url": "Observation"
      }
    },
    {
      "fullUrl": "urn:uuid:83832876-2c12-4910-96ff-0773b10b86bc",
      "resource": {
        "resourceType": "Observation",
        "meta": {
          "profile": [
            "http://testSK.org/StructureDefinition/functional-score-observation-profile"
          ]
        },
        "extension": [
          {
            "url": "http://testSK.org/StructureDefinition/observation-timing-context-ext",
            "valueCodeableConcept": {
              "coding": [
                {
                  "system": "http://testSK.org/CodeSystem/assessment-context-cs",
                  "code": "discharge",
                  "display": "Discharge"
                }
              ]
            }
          }
        ],
        "status": "final",
        "category": [
          {
            "coding": [
              {
                "system": "http://terminology.hl7.org/CodeSystem/observation-category",
                "code": "exam",
                "display": "Exam"
              }
            ]
          }
        ],
        "code": {
          "coding": [
            {
              "system": "http://snomed.info/sct",
              "code": "450743008",
              "display": "National Institutes of Health stroke scale score (observable entity)"
            }
          ]
        },
        "subject": {
          "reference": "urn:uuid:f5250958-86db-4b72-a3d4-5d5f00be75df"
        },
        "encounter": {
          "reference": "urn:uuid:6e6a5023-f2f6-4f18-98b5-b81faab50f8d"
        },
        "valueInteger": 6
      },
      "request": {
        "method": "POST",
        "url": "Observation"
      }
    },
    {
      "fullUrl": "urn:uuid:ad2e91c2-f717-47de-99b0-62e680166e00",
      "resource": {
        "resourceType": "Observation",
        "status": "final",
        "code": {
          "coding": [
            {
              "system": "http://snomed.info/sct",
              "code": "445518008",
              "display": "Age at onset of clinical finding (observable entity)"
            }
          ]
        },
        "subject": {
          "reference": "urn:uuid:f5250958-86db-4b72-a3d4-5d5f00be75df"
        },
        "encounter": {
          "reference": "urn:uuid:6e6a5023-f2f6-4f18-98b5-b81faab50f8d"
        },
        "valueInteger": 78
      },
      "request": {
        "method": "POST",
        "url": "Observation"
      }
    },
    {
      "fullUrl": "urn:uuid:68b1123d-0ead-4b82-b175-98c231ab999d",
      "resource": {
        "resourceType": "Procedure",
        "meta": {
          "profile": [
            "http://testSK.org/StructureDefinition/stroke-carotid-imaging-procedure-profile"
          ]
        },
        "extension": [
          {
            "url": "http://testSK.org/StructureDefinition/procedure-timing-context-ext",
            "valueCodeableConcept": {
              "coding": [
                {
                  "system": "http://testSK.org/CodeSystem/procedure-timing-context-cs",
                  "code": "post-acute",
                  "display": "Acute Phase (<24h)"
                }
              ]
            }
          }
        ],
        "status": "not-done",
        "statusReason": {
          "coding": [
            {
              "system": "http://testSK.org/CodeSystem/stroke-proc-not-done-reason-cs",
              "code": "unknown",
              "display": "Unknown Reason"
            }
          ]
        },
        "code": {
          "coding": [
            {
              "system": "http://snomed.info/sct",
              "code": "58920005",
              "display": "Angiography of carotid artery (procedure)"
            }
          ]
        },
        "subject": {
          "reference": "urn:uuid:f5250958-86db-4b72-a3d4-5d5f00be75df"
        },
        "encounter": {
          "reference": "urn:uuid:6e6a5023-f2f6-4f18-98b5-b81faab50f8d"
        }
      },
      "request": {
        "method": "POST",
        "url": "Procedure"
      }
    },
    {
      "fullUrl": "urn:uuid:18e94a45-59e8-4c0b-9f70-f484067e76ba",
      "resource": {
        "resourceType": "Observation",
        "meta": {
          "profile": [
            "http://testSK.org/StructureDefinition/base-stroke-observation"
          ]
        },
        "status": "final",
        "code": {
          "coding": [
            {
              "system": "http://snomed.info/sct",
              "code": "77176002",
              "display": "Smoker (finding)"
            }
          ]
        },
        "subject": {
          "reference": "urn:uuid:f5250958-86db-4b72-a3d4-5d5f00be75df"
        },
        "encounter": {
          "reference": "urn:uuid:6e6a5023-f2f6-4f18-98b5-b81faab50f8d"
        }
      },
      "request": {
        "method": "POST",
        "url": "Observation"
      }
    },
    {
      "fullUrl": "urn:uuid:99c21dcd-11c6-4b68-925c-1f7be1c706db",
      "resource": {
        "resourceType": "Procedure",
        "extension": [
          {
            "url": "http://testSK.org/StructureDefinition/procedure-timing-context-ext",
            "valueCodeableConcept": {
              "coding": [
                {
                  "system": "http://testSK.org/CodeSystem/procedure-timing-context-cs",
                  "code": "post-acute",
                  "display": "Acute Phase (<24h)"
                }
              ]
            }
          }
        ],
        "status": "completed",
        "category": [
          {
            "coding": [
              {
                "system": "http://terminology.hl7.org/CodeSystem/observation-category",
                "code": "imaging",
                "display": "Imaging"
              }
            ]
          }
        ],
        "code": {
          "coding": [
            {
              "system": "http://testSK.org/CodeSystem/brain-imaging-type-cs",
              "code": "ct-cta",
              "display": "Computed Tomography (CT) and CT Angiography (CTA)"
            }
          ]
        },
        "subject": {
          "reference": "urn:uuid:f5250958-86db-4b72-a3d4-5d5f00be75df"
        },
        "encounter": {
          "reference": "urn:uuid:6e6a5023-f2f6-4f18-98b5-b81faab50f8d"
        },
        "occurrenceDateTime": "2024-10-16T01:03:00+02:00"
      },
      "request": {
        "method": "POST",
        "url": "Procedure"
      }
    },
    {
      "fullUrl": "urn:uuid:90a60c17-8fc7-4624-a9d1-a0cd58e189e8",
      "resource": {
        "resourceType": "Procedure",
        "meta": {
          "profile": [
            "http://testSK.org/StructureDefinition/stroke-swallow-procedure-profile"
          ]
        },
        "extension": [
          {
            "url": "http://testSK.org/StructureDefinition/swallowing-screening-timing-category-ext",
            "valueCodeableConcept": {
              "coding": [
                {
                  "system": "http://snomed.info/sct",
                  "code": "281380002",
                  "display": "24 hours post admission (qualifier value)"
                }
              ]
            }
          },
          {
            "url": "http://testSK.org/StructureDefinition/procedure-timing-context-ext",
            "valueCodeableConcept": {
              "coding": [
                {
                  "system": "http://testSK.org/CodeSystem/procedure-timing-context-cs",
                  "code": "post-acute",
                  "display": "Acute Phase (<24h)"
                }
              ]
            }
          }
        ],
        "status": "completed",
        "code": {
          "coding": [
            {
              "system": "http://snomed.info/sct",
              "code": "1290000005",
              "display": "Assessment using Gugging Swallowing Screen (procedure)"
            }
          ]
        },
        "subject": {
          "reference": "urn:uuid:f5250958-86db-4b72-a3d4-5d5f00be75df"
        },
        "encounter": {
          "reference": "urn:uuid:6e6a5023-f2f6-4f18-98b5-b81faab50f8d"
        }
      },
      "request": {
        "method": "POST",
        "url": "Procedure"
      }
    },
    {
      "fullUrl": "urn:uuid:936fc515-e4f7-4343-8672-d83eb1cf9252",
      "resource": {
        "resourceType": "Observation",
        "meta": {
          "profile": [
            "http://testSK.org/StructureDefinition/specific-finding-observation-profile"
          ]
        },
        "status": "final",
        "category": [
          {
            "coding": [
              {
                "system": "http://terminology.hl7.org/CodeSystem/observation-category",
                "code": "laboratory",
                "display": "Laboratory"
              }
            ]
          }
        ],
        "code": {
          "coding": [
            {
              "system": "http://snomed.info/sct",
              "code": "49436004",
              "display": "Atrial fibrillation (disorder)"
            }
          ]
        },
        "subject": {
          "reference": "urn:uuid:f5250958-86db-4b72-a3d4-5d5f00be75df"
        },
        "encounter": {
          "reference": "urn:uuid:6e6a5023-f2f6-4f18-98b5-b81faab50f8d"
        },
        "effectiveDateTime": "2024-10-16T00:48:00+02:00",
        "valueCodeableConcept": {
          "coding": [
            {
              "system": "http://snomed.info/sct",
              "code": "410515005",
              "display": "Known present (qualifier value)"
            }
          ]
        }
      },
      "request": {
        "method": "POST",
        "url": "Observation"
      }
    },
    {
      "fullUrl": "urn:uuid:b86384e6-cf37-4f0a-ac38-38d861f429ee",
      "resource": {
        "resourceType": "MedicationStatement",
        "meta": {
          "profile": [
            "http://testSK.org/StructureDefinition/prior-medication-statement-profile"
          ]
        },
        "status": "recorded",
        "medication": {
          "concept": {
            "coding": [
              {
                "system": "http://testSK.org/CodeSystem/medication-statement-cs",
                "code": "antidiabetic",
                "display": "Any Antidiabetic"
              }
            ]
          }
        },
        "subject": {
          "reference": "urn:uuid:f5250958-86db-4b72-a3d4-5d5f00be75df"
        },
        "encounter": {
          "reference": "urn:uuid:6e6a5023-f2f6-4f18-98b5-b81faab50f8d"
        },
        "adherence": {
          "code": {
            "coding": [
              {
                "system": "http://hl7.org/fhir/CodeSystem/medication-statement-adherence",
                "code": "taking",
                "display": "Taking"
              }
            ]
          }
        }
      },
      "request": {
        "method": "POST",
        "url": "MedicationStatement"
      }
    },
    {
      "fullUrl": "urn:uuid:e42e6e7a-ddc4-4458-b7da-9297df0e19f5",
      "resource": {
        "resourceType": "MedicationStatement",
        "meta": {
          "profile": [
            "http://testSK.org/StructureDefinition/prior-medication-statement-profile"
          ]
        },
        "status": "recorded",
        "medication": {
          "concept": {
            "coding": [
              {
                "system": "http://snomed.info/sct",
                "code": "308116003",
                "display": "Antihypertensive therapy (procedure)"
              }
            ]
          }
        },
        "subject": {
          "reference": "urn:uuid:f5250958-86db-4b72-a3d4-5d5f00be75df"
        },
        "encounter": {
          "reference": "urn:uuid:6e6a5023-f2f6-4f18-98b5-b81faab50f8d"
        },
        "adherence": {
          "code": {
            "coding": [
              {
                "system": "http://hl7.org/fhir/CodeSystem/medication-statement-adherence",
                "code": "not-taking",
                "display": "Not Taking"
              }
            ]
          }
        }
      },
      "request": {
        "method": "POST",
        "url": "MedicationStatement"
      }
    },
    {
      "fullUrl": "urn:uuid:a951cabc-1970-46c9-8308-25223145e0f5",
      "resource": {
        "resourceType": "MedicationStatement",
        "meta": {
          "profile": [
            "http://testSK.org/StructureDefinition/prior-medication-statement-profile"
          ]
        },
        "status": "recorded",
        "medication": {
          "concept": {
            "coding": [
              {
                "system": "http://snomed.info/sct",
                "code": "182764009",
                "display": "Anticoagulant therapy (procedure)"
              }
            ]
          }
        },
        "subject": {
          "reference": "urn:uuid:f5250958-86db-4b72-a3d4-5d5f00be75df"
        },
        "encounter": {
          "reference": "urn:uuid:6e6a5023-f2f6-4f18-98b5-b81faab50f8d"
        },
        "adherence": {
          "code": {
            "coding": [
              {
                "system": "http://hl7.org/fhir/CodeSystem/medication-statement-adherence",
                "code": "not-taking",
                "display": "Not Taking"
              }
            ]
          }
        }
      },
      "request": {
        "method": "POST",
        "url": "MedicationStatement"
      }
    },
    {
      "fullUrl": "urn:uuid:bbc1fb5a-3be1-4b92-af1d-ae64075250e2",
      "resource": {
        "resourceType": "MedicationStatement",
        "meta": {
          "profile": [
            "http://testSK.org/StructureDefinition/prior-medication-statement-profile"
          ]
        },
        "status": "recorded",
        "medication": {
          "concept": {
            "coding": [
              {
                "system": "http://testSK.org/CodeSystem/medication-statement-cs",
                "code": "antiplatelet",
                "display": "Any Antiplatelet"
              }
            ]
          }
        },
        "subject": {
          "reference": "urn:uuid:f5250958-86db-4b72-a3d4-5d5f00be75df"
        },
        "encounter": {
          "reference": "urn:uuid:6e6a5023-f2f6-4f18-98b5-b81faab50f8d"
        },
        "adherence": {
          "code": {
            "coding": [
              {
                "system": "http://hl7.org/fhir/CodeSystem/medication-statement-adherence",
                "code": "not-taking",
                "display": "Not Taking"
              }
            ]
          }
        }
      },
      "request": {
        "method": "POST",
        "url": "MedicationStatement"
      }
    },
    {
      "fullUrl": "urn:uuid:82b58a30-23e5-4d15-8eb5-2aa411b5b6f2",
      "resource": {
        "resourceType": "MedicationStatement",
        "meta": {
          "profile": [
            "http://testSK.org/StructureDefinition/prior-medication-statement-profile"
          ]
        },
        "status": "recorded",
        "medication": {
          "concept": {
            "coding": [
              {
                "system": "http://testSK.org/CodeSystem/medication-statement-cs",
                "code": "asa",
                "display": "Aspirin"
              }
            ]
          }
        },
        "subject": {
          "reference": "urn:uuid:f5250958-86db-4b72-a3d4-5d5f00be75df"
        },
        "encounter": {
          "reference": "urn:uuid:6e6a5023-f2f6-4f18-98b5-b81faab50f8d"
        },
        "adherence": {
          "code": {
            "coding": [
              {
                "system": "http://hl7.org/fhir/CodeSystem/medication-statement-adherence",
                "code": "not-taking",
                "display": "Not Taking"
              }
            ]
          }
        }
      },
      "request": {
        "method": "POST",
        "url": "MedicationStatement"
      }
    },
    {
      "fullUrl": "urn:uuid:b56be098-0d3b-460b-897d-b901126414d4",
      "resource": {
        "resourceType": "MedicationStatement",
        "meta": {
          "profile": [
            "http://testSK.org/StructureDefinition/prior-medication-statement-profile"
          ]
        },
        "status": "recorded",
        "medication": {
          "concept": {
            "coding": [
              {
                "system": "http://testSK.org/CodeSystem/medication-statement-cs",
                "code": "clopidogrel",
                "display": "Clopidogrel"
              }
            ]
          }
        },
        "subject": {
          "reference": "urn:uuid:f5250958-86db-4b72-a3d4-5d5f00be75df"
        },
        "encounter": {
          "reference": "urn:uuid:6e6a5023-f2f6-4f18-98b5-b81faab50f8d"
        },
        "adherence": {
          "code": {
            "coding": [
              {
                "system": "http://hl7.org/fhir/CodeSystem/medication-statement-adherence",
                "code": "not-taking",
                "display": "Not Taking"
              }
            ]
          }
        }
      },
      "request": {
        "method": "POST",
        "url": "MedicationStatement"
      }
    },
    {
      "fullUrl": "urn:uuid:2d97ea71-1130-4cd0-8550-589e849c7aca",
      "resource": {
        "resourceType": "MedicationStatement",
        "meta": {
          "profile": [
            "http://testSK.org/StructureDefinition/prior-medication-statement-profile"
          ]
        },
        "status": "recorded",
        "medication": {
          "concept": {
            "coding": [
              {
                "system": "http://snomed.info/sct",
                "code": "1237404009",
                "display": "Uses hormone method of contraception (finding)"
              }
            ]
          }
        },
        "subject": {
          "reference": "urn:uuid:f5250958-86db-4b72-a3d4-5d5f00be75df"
        },
        "encounter": {
          "reference": "urn:uuid:6e6a5023-f2f6-4f18-98b5-b81faab50f8d"
        },
        "adherence": {
          "code": {
            "coding": [
              {
                "system": "http://hl7.org/fhir/CodeSystem/medication-statement-adherence",
                "code": "not-taking",
                "display": "Not Taking"
              }
            ]
          }
        }
      },
      "request": {
        "method": "POST",
        "url": "MedicationStatement"
      }
    },
    {
      "fullUrl": "urn:uuid:4ba5315a-03fd-472c-a81c-49f9d250deab",
      "resource": {
        "resourceType": "MedicationStatement",
        "meta": {
          "profile": [
            "http://testSK.org/StructureDefinition/prior-medication-statement-profile"
          ]
        },
        "status": "recorded",
        "medication": {
          "concept": {
            "coding": [
              {
                "system": "http://snomed.info/sct",
                "code": "182764009",
                "display": "Anticoagulant therapy (procedure)"
              }
            ]
          }
        },
        "subject": {
          "reference": "urn:uuid:f5250958-86db-4b72-a3d4-5d5f00be75df"
        },
        "encounter": {
          "reference": "urn:uuid:6e6a5023-f2f6-4f18-98b5-b81faab50f8d"
        },
        "adherence": {
          "code": {
            "coding": [
              {
                "system": "http://hl7.org/fhir/CodeSystem/medication-statement-adherence",
                "code": "not-taking",
                "display": "Not Taking"
              }
            ]
          }
        }
      },
      "request": {
        "method": "POST",
        "url": "MedicationStatement"
      }
    },
    {
      "fullUrl": "urn:uuid:6c59391a-22a7-4f1e-b24c-a51be06adca2",
      "resource": {
        "resourceType": "MedicationStatement",
        "meta": {
          "profile": [
            "http://testSK.org/StructureDefinition/prior-medication-statement-profile"
          ]
        },
        "status": "recorded",
        "medication": {
          "concept": {
            "coding": [
              {
                "system": "http://snomed.info/sct",
                "code": "315053001",
                "display": "Administration of prophylactic statin (procedure)"
              }
            ]
          }
        },
        "subject": {
          "reference": "urn:uuid:f5250958-86db-4b72-a3d4-5d5f00be75df"
        },
        "encounter": {
          "reference": "urn:uuid:6e6a5023-f2f6-4f18-98b5-b81faab50f8d"
        },
        "adherence": {
          "code": {
            "coding": [
              {
                "system": "http://hl7.org/fhir/CodeSystem/medication-statement-adherence",
                "code": "not-taking",
                "display": "Not Taking"
              }
            ]
          }
        }
      },
      "request": {
        "method": "POST",
        "url": "MedicationStatement"
      }
    },
    {
      "fullUrl": "urn:uuid:1283ced1-f556-4bda-8d01-b750ec6a9dcb",
      "resource": {
        "resourceType": "MedicationStatement",
        "meta": {
          "profile": [
            "http://testSK.org/StructureDefinition/prior-medication-statement-profile"
          ]
        },
        "status": "recorded",
        "medication": {
          "concept": {
            "coding": [
              {
                "system": "http://snomed.info/sct",
                "code": "722045009",
                "display": "Warfarin therapy (procedure)"
              }
            ]
          }
        },
        "subject": {
          "reference": "urn:uuid:f5250958-86db-4b72-a3d4-5d5f00be75df"
        },
        "encounter": {
          "reference": "urn:uuid:6e6a5023-f2f6-4f18-98b5-b81faab50f8d"
        },
        "adherence": {
          "code": {
            "coding": [
              {
                "system": "http://hl7.org/fhir/CodeSystem/medication-statement-adherence",
                "code": "not-taking",
                "display": "Not Taking"
              }
            ]
          }
        }
      },
      "request": {
        "method": "POST",
        "url": "MedicationStatement"
      }
    },
    {
      "fullUrl": "urn:uuid:1b77b44b-fff7-48c7-bc54-d25f31358c4b",
      "resource": {
        "resourceType": "MedicationRequest",
        "meta": {
          "profile": [
            "http://testSK.org/StructureDefinition/discharge-medication-request-profile"
          ]
        },
        "status": "active",
        "intent": "order",
        "category": [
          {
            "coding": [
              {
                "system": "http://terminology.hl7.org/CodeSystem/medicationrequest-admin-location",
                "code": "community",
                "display": "Community"
              }
            ]
          }
        ],
        "medication": {
          "concept": {
            "coding": [
              {
                "system": "http://testSK.org/CodeSystem/discharge-medication-cs",
                "code": "anticoagulant",
                "display": "Any Anticoagulant"
              }
            ]
          }
        },
        "subject": {
          "reference": "urn:uuid:f5250958-86db-4b72-a3d4-5d5f00be75df"
        },
        "encounter": {
          "reference": "urn:uuid:6e6a5023-f2f6-4f18-98b5-b81faab50f8d"
        }
      },
      "request": {
        "method": "POST",
        "url": "MedicationRequest"
      }
    },
    {
      "fullUrl": "urn:uuid:c4e1a497-dda2-4138-bd80-6195f6d5f5e8",
      "resource": {
        "resourceType": "MedicationRequest",
        "meta": {
          "profile": [
            "http://testSK.org/StructureDefinition/discharge-medication-request-profile"
          ]
        },
        "status": "active",
        "intent": "order",
        "category": [
          {
            "coding": [
              {
                "system": "http://terminology.hl7.org/CodeSystem/medicationrequest-admin-location",
                "code": "community",
                "display": "Community"
              }
            ]
          }
        ],
        "medication": {
          "concept": {
            "coding": [
              {
                "system": "http://testSK.org/CodeSystem/discharge-medication-cs",
                "code": "antiplatelet",
                "display": "Any Antiplatelet"
              }
            ]
          }
        },
        "subject": {
          "reference": "urn:uuid:f5250958-86db-4b72-a3d4-5d5f00be75df"
        },
        "encounter": {
          "reference": "urn:uuid:6e6a5023-f2f6-4f18-98b5-b81faab50f8d"
        }
      },
      "request": {
        "method": "POST",
        "url": "MedicationRequest"
      }
    },
    {
      "fullUrl": "urn:uuid:7541883e-1730-4da2-af44-07d80ed2560a",
      "resource": {
        "resourceType": "MedicationRequest",
        "meta": {
          "profile": [
            "http://testSK.org/StructureDefinition/discharge-medication-request-profile"
          ]
        },
        "status": "active",
        "intent": "order",
        "category": [
          {
            "coding": [
              {
                "system": "http://terminology.hl7.org/CodeSystem/medicationrequest-admin-location",
                "code": "community",
                "display": "Community"
              }
            ]
          }
        ],
        "medication": {
          "concept": {
            "coding": [
              {
                "system": "http://testSK.org/CodeSystem/discharge-medication-cs",
                "code": "clopidogrel",
                "display": "Clopidogrel"
              }
            ]
          }
        },
        "subject": {
          "reference": "urn:uuid:f5250958-86db-4b72-a3d4-5d5f00be75df"
        },
        "encounter": {
          "reference": "urn:uuid:6e6a5023-f2f6-4f18-98b5-b81faab50f8d"
        }
      },
      "request": {
        "method": "POST",
        "url": "MedicationRequest"
      }
    },
    {
      "fullUrl": "urn:uuid:81af8172-7e61-4fce-9bce-8a432a7af21f",
      "resource": {
        "resourceType": "MedicationRequest",
        "meta": {
          "profile": [
            "http://testSK.org/StructureDefinition/discharge-medication-request-profile"
          ]
        },
        "status": "active",
        "intent": "order",
        "category": [
          {
            "coding": [
              {
                "system": "http://terminology.hl7.org/CodeSystem/medicationrequest-admin-location",
                "code": "community",
                "display": "Community"
              }
            ]
          }
        ],
        "medication": {
          "concept": {
            "coding": [
              {
                "system": "http://testSK.org/CodeSystem/discharge-medication-cs",
                "code": "other",
                "display": "Other"
              }
            ]
          }
        },
        "subject": {
          "reference": "urn:uuid:f5250958-86db-4b72-a3d4-5d5f00be75df"
        },
        "encounter": {
          "reference": "urn:uuid:6e6a5023-f2f6-4f18-98b5-b81faab50f8d"
        }
      },
      "request": {
        "method": "POST",
        "url": "MedicationRequest"
      }
    },
    {
      "fullUrl": "urn:uuid:72edadf9-b1e8-4253-ad68-5aa8f065f9a6",
      "resource": {
        "resourceType": "MedicationRequest",
        "meta": {
          "profile": [
            "http://testSK.org/StructureDefinition/discharge-medication-request-profile"
          ]
        },
        "status": "active",
        "intent": "order",
        "category": [
          {
            "coding": [
              {
                "system": "http://terminology.hl7.org/CodeSystem/medicationrequest-admin-location",
                "code": "community",
                "display": "Community"
              }
            ]
          }
        ],
        "medication": {
          "concept": {
            "coding": [
              {
                "system": "http://testSK.org/CodeSystem/discharge-medication-cs",
                "code": "statin",
                "display": "Statin"
              }
            ]
          }
        },
        "subject": {
          "reference": "urn:uuid:f5250958-86db-4b72-a3d4-5d5f00be75df"
        },
        "encounter": {
          "reference": "urn:uuid:6e6a5023-f2f6-4f18-98b5-b81faab50f8d"
        }
      },
      "request": {
        "method": "POST",
        "url": "MedicationRequest"
      }
    },
    {
      "fullUrl": "urn:uuid:69a312c4-ccf8-4159-94eb-94f0d85044b6",
      "resource": {
        "resourceType": "MedicationRequest",
        "meta": {
          "profile": [
            "http://testSK.org/StructureDefinition/discharge-medication-request-profile"
          ]
        },
        "status": "active",
        "intent": "order",
        "category": [
          {
            "coding": [
              {
                "system": "http://terminology.hl7.org/CodeSystem/medicationrequest-admin-location",
                "code": "community",
                "display": "Community"
              }
            ]
          }
        ],
        "medication": {
          "concept": {
            "coding": [
              {
                "system": "http://testSK.org/CodeSystem/discharge-medication-cs",
                "code": "warfarin",
                "display": "Warfarin"
              }
            ]
          }
        },
        "subject": {
          "reference": "urn:uuid:f5250958-86db-4b72-a3d4-5d5f00be75df"
        },
        "encounter": {
          "reference": "urn:uuid:6e6a5023-f2f6-4f18-98b5-b81faab50f8d"
        }
      },
      "request": {
        "method": "POST",
        "url": "MedicationRequest"
      }
    }
  ]
}