{
  "resourceType": "Bundle",
  "type": "transaction",
  "entry": [
    {
      "fullUrl": "urn:uuid:2855dda5-d317-4ac6-a7ea-f5ab0abc95b5",
      "resource": {
        "resourceType": "Organization",
        "identifier": [
          {
            "system": "https://stroke.qualityregistry.org",
            "value": "1482"
          }
        ],
        "active": true,
        "name": "Fakultná nemocnica Nitra"
      },
      "request": {
        "method": "POST",
        "url": "Organization"
      }
    },
    {
      "fullUrl": "urn:uuid:3d336010-33d7-471c-93b4-d0fb36ae61ec",
      "resource": {
        "resourceType": "Patient",
        "id": "485129",
        "extension": [
          {
            "url": "http://testSK.org/StructureDefinition/gender-snomed-ext",
            "valueCodeableConcept": {
              "coding": [
                {
                  "system": "http://snomed.info/sct",
                  "code": "248153007",
                  "display": "Male (finding)"
                }
              ]
            }
          }
        ]
      },
      "request": {
        "method": "POST",
        "url": "Patient"
      }
    },
    {
      "fullUrl": "urn:uuid:d8aaacb3-3bd4-4e44-b909-10a54cb4b0ce",
      "resource": {
        "resourceType": "Encounter",
        "meta": {
          "profile": [
            "http://testSK.org/StructureDefinition/stroke-encounter-profile"
          ]
        },
        "extension": [
          {
            "url": "http://testSK.org/StructureDefinition/initial-care-intensity-ext",
            "valueCodeableConcept": {
              "coding": [
                {
                  "system": "http://testSK.org/CodeSystem/initial-care-intensity-cs",
                  "code": "icu-stroke",
                  "display": "ICU / Stroke Unit"
                }
              ]
            }
          },
          {
            "url": "http://testSK.org/StructureDefinition/first-hospital-ext",
            "valueBoolean": true
          },
          {
            "url": "http://testSK.org/StructureDefinition/required-post-acute-care-ext",
            "valueBoolean": true
          }
        ],
        "status": "completed",
        "class": [
          {
            "coding": [
              {
                "system": "http://terminology.hl7.org/CodeSystem/v3-ActCode",
                "code": "IMP",
                "display": "inpatient encounter"
              }
            ]
          }
        ],
        "subject": {
          "reference": "urn:uuid:3d336010-33d7-471c-93b4-d0fb36ae61ec"
        },
        "actualPeriod": {
          "start": "2024-11-23T12:56:00+01:00",
          "end": "2024-11-27T11:21:00+01:00"
        },
        "admission": {
          "admitSource": {
            "coding": [
              {
                "system": "http://testSK.org/CodeSystem/stroke-arrival-mode-cs",
                "code": "ems-gp",
                "display": "EMS from GP"
              }
            ]
          },
          "dischargeDisposition": {
            "coding": [
              {
                "system": "http://snomed.info/sct",
                "code": "306689006",
                "display": "Discharge to home (procedure)"
              }
            ]
          }
        }
      },
      "request": {
        "method": "POST",
        "url": "Encounter"
      }
    },
    {
      "fullUrl": "urn:uuid:35835383-bbad-4849-a2ab-7a54574e2e25",
      "resource": {
        "resourceType": "Condition",
        "meta": {
          "profile": [
            "http://testSK.org/StructureDefinition/stroke-diagnosis-condition-profile"
          ]
        },
        "extension": [
          {
            "url": "http://testSK.org/StructureDefinition/ischemic-stroke-etiology-ext",
            "valueCodeableConcept": {
              "coding": [
                {
                  "system": "http://testSK.org/CodeSystem/stroke-etiology-cs",
                  "code": "lacunar",
                  "display": "Stroke Etiology Lacunar"
                }
              ]
            }
          },
          {
            "url": "http://testSK.org/StructureDefinition/onset-date-ext",
            "valueDate": "2024-11-22"
          },
          {
            "url": "http://testSK.org/StructureDefinition/onset-time-ext",
            "valueTime": "06:26:00"
          }
        ],
        "clinicalStatus": {
          "coding": [
            {
              "system": "http://terminology.hl7.org/CodeSystem/condition-clinical",
              "code": "active",
              "display": "Active"
            }
          ]
        },
        "verificationStatus": {
          "coding": [
            {
              "system": "http://terminology.hl7.org/CodeSystem/condition-ver-status",
              "code": "confirmed",
              "display": "Confirmed"
            }
          ]
        },
        "code": {
          "coding": [
            {
              "system": "http://snomed.info/sct",
              "code": "422504002",
              "display": "Ischemic stroke (disorder)"
            }
          ]
        },
        "subject": {
          "reference": "urn:uuid:3d336010-33d7-471c-93b4-d0fb36ae61ec"
        },
        "encounter": {
          "reference": "urn:uuid:d8aaacb3-3bd4-4e44-b909-10a54cb4b0ce"
        }
      },
      "request": {
        "method": "POST",
        "url": "Condition"
      }
    },
    {
      "fullUrl": "urn:uuid:f6251f17-4cc1-4d15-9c45-839fc2aeb59a",
      "resource": {
        "resourceType": "Condition",
        "meta": {
          "profile": [
            "http://testSK.org/StructureDefinition/stroke-risk-factor-condition-profile"
          ]
        },
        "clinicalStatus": {
          "coding": [
            {
              "system": "http://terminology.hl7.org/CodeSystem/condition-clinical",
              "code": "active",
              "display": "Active"
            }
          ]
        },
        "verificationStatus": {
          "coding": [
            {
              "system": "http://terminology.hl7.org/CodeSystem/condition-ver-status",
              "code": "differential",
              "display": "Differential"
            }
          ]
        },
        "code": {
          "coding": [
            {
              "system": "http://snomed.info/sct",
              "code": "49436004",
              "display": "Atrial fibrillation (disorder)"
            }
          ]
        },
        "subject": {
          "reference": "urn:uuid:3d336010-33d7-471c-93b4-d0fb36ae61ec"
        },
        "encounter": {
          "reference": "urn:uuid:d8aaacb3-3bd4-4e44-b909-10a54cb4b0ce"
        }
      },
      "request": {
        "method": "POST",
        "url": "Condition"
      }
    },
    {
      "fullUrl": "urn:uuid:f7ef6d48-9733-40a7-8a8e-a7cbe30326aa",
      "resource": {
        "resourceType": "Condition",
        "meta": {
          "profile": [
            "http://testSK.org/StructureDefinition/stroke-risk-factor-condition-profile"
          ]
        },
        "clinicalStatus": {
          "coding": [
            {
              "system": "http://terminology.hl7.org/CodeSystem/condition-clinical",
              "code": "inactive",
              "display": "Inactive"
            }
          ]
        },
        "code": {
          "coding": [
            {
              "system": "http://snomed.info/sct",
              "code": "38341003",
              "display": "Hypertensive disorder, systemic arterial (disorder)"
            }
          ]
        },
        "subject": {
          "reference": "urn:uuid:3d336010-33d7-471c-93b4-d0fb36ae61ec"
        },
        "encounter": {
          "reference": "urn:uuid:d8aaacb3-3bd4-4e44-b909-10a54cb4b0ce"
        }
      },
      "request": {
        "method": "POST",
        "url": "Condition"
      }
    },
    {
      "fullUrl": "urn:uuid:7c16e382-5f45-447a-8327-0b23772e9acd",
      "resource": {
        "resourceType": "Condition",
        "meta": {
          "profile": [
            "http://testSK.org/StructureDefinition/stroke-risk-factor-condition-profile"
          ]
        },
        "clinicalStatus": {
          "coding": [
            {
              "system": "http://terminology.hl7.org/CodeSystem/condition-clinical",
              "code": "inactive",
              "display": "Inactive"
            }
          ]
        },
        "code": {
          "coding": [
            {
              "system": "http://snomed.info/sct",
              "code": "73211009",
              "display": "Diabetes mellitus (disorder)"
            }
          ]
        },
        "subject": {
          "reference": "urn:uuid:3d336010-33d7-471c-93b4-d0fb36ae61ec"
        },
        "encounter": {
          "reference": "urn:uuid:d8aaacb3-3bd4-4e44-b909-10a54cb4b0ce"
        }
      },
      "request": {
        "method": "POST",
        "url": "Condition"
      }
    },
    {
      "fullUrl": "urn:uuid:8baf2d3c-5c97-456b-adbb-a335f2ee8e74",
      "resource": {
        "resourceType": "Condition",
        "meta": {
          "profile": [
            "http://testSK.org/StructureDefinition/stroke-risk-factor-condition-profile"
          ]
        },
        "clinicalStatus": {
          "coding": [
            {
              "system": "http://terminology.hl7.org/CodeSystem/condition-clinical",
              "code": "inactive",
              "display": "Inactive"
            }
          ]
        },
        "code": {
          "coding": [
            {
              "system": "http://snomed.info/sct",
              "code": "55822004",
              "display": "Hyperlipidemia (disorder)"
            }
          ]
        },
        "subject": {
          "reference": "urn:uuid:3d336010-33d7-471c-93b4-d0fb36ae61ec"
        },
        "encounter": {
          "reference": "urn:uuid:d8aaacb3-3bd4-4e44-b909-10a54cb4b0ce"
        }
      },
      "request": {
        "method": "POST",
        "url": "Condition"
      }
    },
    {
      "fullUrl": "urn:uuid:18babcee-c7c5-4419-9b84-d323210475ac",
      "resource": {
        "resourceType": "Condition",
        "meta": {
          "profile": [
            "http://testSK.org/StructureDefinition/stroke-risk-factor-condition-profile"
          ]
        },
        "clinicalStatus": {
          "coding": [
            {
              "system": "http://terminology.hl7.org/CodeSystem/condition-clinical",
              "code": "inactive",
              "display": "Inactive"
            }
          ]
        },
        "code": {
          "coding": [
            {
              "system": "http://snomed.info/sct",
              "code": "53741008",
              "display": "Coronary arteriosclerosis (disorder)"
            }
          ]
        },
        "subject": {
          "reference": "urn:uuid:3d336010-33d7-471c-93b4-d0fb36ae61ec"
        },
        "encounter": {
          "reference": "urn:uuid:d8aaacb3-3bd4-4e44-b909-10a54cb4b0ce"
        }
      },
      "request": {
        "method": "POST",
        "url": "Condition"
      }
    },
    {
      "fullUrl": "urn:uuid:a0e5322b-322a-426c-b1c2-8f17e5cf35e1",
      "resource": {
        "resourceType": "Condition",
        "meta": {
          "profile": [
            "http://testSK.org/StructureDefinition/stroke-risk-factor-condition-profile"
          ]
        },
        "clinicalStatus": {
          "coding": [
            {
              "system": "http://terminology.hl7.org/CodeSystem/condition-clinical",
              "code": "remission",
              "display": "Remission"
            }
          ]
        },
        "code": {
          "coding": [
            {
              "system": "http://snomed.info/sct",
              "code": "230690007",
              "display": "Cerebrovascular accident (disorder)"
            }
          ]
        },
        "subject": {
          "reference": "urn:uuid:3d336010-33d7-471c-93b4-d0fb36ae61ec"
        },
        "encounter": {
          "reference": "urn:uuid:d8aaacb3-3bd4-4e44-b909-10a54cb4b0ce"
        }
      },
      "request": {
        "method": "POST",
        "url": "Condition"
      }
    },
    {
      "fullUrl": "urn:uuid:c097f796-9ce4-4cad-af41-6a1ba0c53840",
      "resource": {
        "resourceType": "Condition",
        "meta": {
          "profile": [
            "http://testSK.org/StructureDefinition/stroke-risk-factor-condition-profile"
          ]
        },
        "clinicalStatus": {
          "coding": [
            {
              "system": "http://terminology.hl7.org/CodeSystem/condition-clinical",
              "code": "remission",
              "display": "Remission"
            }
          ]
        },
        "code": {
          "coding": [
            {
              "system": "http://snomed.info/sct",
              "code": "266257000",
              "display": "Transient ischemic attack (disorder)"
            }
          ]
        },
        "subject": {
          "reference": "urn:uuid:3d336010-33d7-471c-93b4-d0fb36ae61ec"
        },
        "encounter": {
          "reference": "urn:uuid:d8aaacb3-3bd4-4e44-b909-10a54cb4b0ce"
        }
      },
      "request": {
        "method": "POST",
        "url": "Condition"
      }
    },
    {
      "fullUrl": "urn:uuid:67e82eab-8c04-4f84-b49a-7738ec249dc9",
      "resource": {
        "resourceType": "Condition",
        "meta": {
          "profile": [
            "http://testSK.org/StructureDefinition/stroke-risk-factor-condition-profile"
          ]
        },
        "clinicalStatus": {
          "coding": [
            {
              "system": "http://terminology.hl7.org/CodeSystem/condition-clinical",
              "code": "remission",
              "display": "Remission"
            }
          ]
        },
        "code": {
          "coding": [
            {
              "system": "http://snomed.info/sct",
              "code": "230706003",
              "display": "Hemorrhagic cerebral infarction (disorder)"
            }
          ]
        },
        "subject": {
          "reference": "urn:uuid:3d336010-33d7-471c-93b4-d0fb36ae61ec"
        },
        "encounter": {
          "reference": "urn:uuid:d8aaacb3-3bd4-4e44-b909-10a54cb4b0ce"
        }
      },
      "request": {
        "method": "POST",
        "url": "Condition"
      }
    },
    {
      "fullUrl": "urn:uuid:32f98b0e-a5ec-42d6-b9b3-0ec97f5f0d01",
      "resource": {
        "resourceType": "Observation",
        "meta": {
          "profile": [
            "http://testSK.org/StructureDefinition/vital-sign-observation-profile"
          ]
        },
        "status": "final",
        "category": [
          {
            "coding": [
              {
                "system": "http://terminology.hl7.org/CodeSystem/observation-category",
                "code": "vital-signs",
                "display": "Vital Signs"
              }
            ]
          }
        ],
        "code": {
          "coding": [
            {
              "system": "http://snomed.info/sct",
              "code": "61746007",
              "display": "Taking patient vital signs (procedure)"
            }
          ]
        },
        "subject": {
          "reference": "urn:uuid:3d336010-33d7-471c-93b4-d0fb36ae61ec"
        },
        "encounter": {
          "reference": "urn:uuid:d8aaacb3-3bd4-4e44-b909-10a54cb4b0ce"
        },
        "component": [
          {
            "code": {
              "coding": [
                {
                  "system": "http://snomed.info/sct",
                  "code": "271649006",
                  "display": "Systolic blood pressure (observable entity)"
                }
              ]
            },
            "valueQuantity": {
              "value": 125.0,
              "unit": "millimeter Mercury column",
              "system": "https://ucum.org/ucum",
              "code": "mm[Hg]"
            }
          },
          {
            "code": {
              "coding": [
                {
                  "system": "http://snomed.info/sct",
                  "code": "271650006",
                  "display": "Diastolic blood pressure (observable entity)"
                }
              ]
            },
            "valueQuantity": {
              "value": 103.0,
              "unit": "millimeter Mercury column",
              "system": "https://ucum.org/ucum",
              "code": "mm[Hg]"
            }
          }
        ]
      },
      "request": {
        "method": "POST",
        "url": "Observation"
      }
    },
    {
      "fullUrl": "urn:uuid:9766750b-205c-4cc3-ae11-65a0c6ae4aa1",
      "resource": {
        "resourceType": "Observation",
        "meta": {
          "profile": [
            "http://testSK.org/StructureDefinition/functional-score-observation-profile"
          ]
        },
        "extension": [
          {
            "url": "http://testSK.org/StructureDefinition/observation-timing-context-ext",
            "valueCodeableConcept": {
              "coding": [
                {
                  "system": "http://testSK.org/CodeSystem/assessment-context-cs",
                  "code": "pre-stroke",
                  "display": "Pre-stroke"
                }
              ]
            }
          }
        ],
        "status": "final",
        "category": [
          {
            "coding": [
              {
                "system": "http://terminology.hl7.org/CodeSystem/observation-category",
                "code": "exam",
                "display": "Exam"
              }
            ]
          }
        ],
        "code": {
          "coding": [
            {
              "system": "http://snomed.info/sct",
              "code": "1255866005",
              "display": "Modified Rankin Scale score (observable entity)"
            }
          ]
        },
        "subject": {
          "reference": "urn:uuid:3d336010-33d7-471c-93b4-d0fb36ae61ec"
        },
        "encounter": {
          "reference": "urn:uuid:d8aaacb3-3bd4-4e44-b909-10a54cb4b0ce"
        },
        "valueCodeableConcept": {
          "coding": [
            {
              "system": "http://testSK.org/CodeSystem/mrs-score-cs",
              "code": "3",
              "display": "Moderate disability; requiring some help, but able to walk without assistance"
            }
          ]
        }
      },
      "request": {
        "method": "POST",
        "url": "Observation"
      }
    },
    {
      "fullUrl": "urn:uuid:476bd512-54db-4016-9e86-1d3cf1947229",
      "resource": {
        "resourceType": "Observation",
        "meta": {
          "profile": [
            "http://testSK.org/StructureDefinition/functional-score-observation-profile"
          ]
        },
        "extension": [
          {
            "url": "http://testSK.org/StructureDefinition/observation-timing-context-ext",
            "valueCodeableConcept": {
              "coding": [
                {
                  "system": "http://testSK.org/CodeSystem/assessment-context-cs",
                  "code": "discharge",
                  "display": "Discharge"
                }
              ]
            }
          }
        ],
        "status": "final",
        "category": [
          {
            "coding": [
              {
                "system": "http://terminology.hl7.org/CodeSystem/observation-category",
                "code": "exam",
                "display": "Exam"
              }
            ]
          }
        ],
        "code": {
          "coding": [
            {
              "system": "http://snomed.info/sct",
              "code": "1255866005",
              "display": "Modified Rankin Scale score (observable entity)"
            }
          ]
        },
        "subject": {
          "reference": "urn:uuid:3d336010-33d7-471c-93b4-d0fb36ae61ec"
        },
        "encounter": {
          "reference": "urn:uuid:d8aaacb3-3bd4-4e44-b909-10a54cb4b0ce"
        },
        "valueCodeableConcept": {
          "coding": [
            {
              "system": "http://testSK.org/CodeSystem/mrs-score-cs",
              "code": "2",
              "display": "Slight disability; unable to carry out all previous activities, but able to look after own affairs without assistance"
            }
          ]
        }
      },
      "request": {
        "method": "POST",
        "url": "Observation"
      }
    },
    {
      "fullUrl": "urn:uuid:29f85650-f6fe-4065-ab5f-a934c1b828b0",
      "resource": {
        "resourceType": "Observation",
        "meta": {
          "profile": [
            "http://testSK.org/StructureDefinition/functional-score-observation-profile"
          ]
        },
        "extension": [
          {
            "url": "http://testSK.org/StructureDefinition/observation-timing-context-ext",
            "valueCodeableConcept": {
              "coding": [
                {
                  "system": "http://testSK.org/CodeSystem/assessment-context-cs",
                  "code": "3-month",
                  "display": "3 Month Follow-up"
                }
              ]
            }
          }
        ],
        "status": "final",
        "category": [
          {
            "coding": [
              {
                "system": "http://terminology.hl7.org/CodeSystem/observation-category",
                "code": "exam",
                "display": "Exam"
              }
            ]
          }
        ],
        "code": {
          "coding": [
            {
              "system": "http://snomed.info/sct",
              "code": "1255866005",
              "display": "Modified Rankin Scale score (observable entity)"
            }
          ]
        },
        "subject": {
          "reference": "urn:uuid:3d336010-33d7-471c-93b4-d0fb36ae61ec"
        },
        "encounter": {
          "reference": "urn:uuid:d8aaacb3-3bd4-4e44-b909-10a54cb4b0ce"
        },
        "valueCodeableConcept": {
          "coding": [
            {
              "system": "http://testSK.org/CodeSystem/mrs-score-cs",
              "code": "0",
              "display": "No symptoms at all"
            }
          ]
        }
      },
      "request": {
        "method": "POST",
        "url": "Observation"
      }
    },
    {
      "fullUrl": "urn:uuid:82948e49-7cb5-462f-8204-c611ce0e3d39",
      "resource": {
        "resourceType": "Observation",
        "meta": {
          "profile": [
            "http://testSK.org/StructureDefinition/functional-score-observation-profile"
          ]
        },
        "extension": [
          {
            "url": "http://testSK.org/StructureDefinition/observation-timing-context-ext",
            "valueCodeableConcept": {
              "coding": [
                {
                  "system": "http://testSK.org/CodeSystem/assessment-context-cs",
                  "code": "admission",
                  "display": "Admission"
                }
              ]
            }
          }
        ],
        "status": "final",
        "category": [
          {
            "coding": [
              {
                "system": "http://terminology.hl7.org/CodeSystem/observation-category",
                "code": "exam",
                "display": "Exam"
              }
            ]
          }
        ],
        "code": {
          "coding": [
            {
              "system": "http://snomed.info/sct",
              "code": "450743008",
              "display": "National Institutes of Health stroke scale score (observable entity)"
            }
          ]
        },
        "subject": {
          "reference": "urn:uuid:3d336010-33d7-471c-93b4-d0fb36ae61ec"
        },
        "encounter": {
          "reference": "urn:uuid:d8aaacb3-3bd4-4e44-b909-10a54cb4b0ce"
        },
        "valueInteger": 13
      },
      "request": {
        "method": "POST",
        "url": "Observation"
      }
    },
    {
      "fullUrl": "urn:uuid:28557bf9-1a29-42d3-9598-ad35da47c6f1",
      "resource": {
        "resourceType": "Observation",
        "meta": {
          "profile": [
            "http://testSK.org/StructureDefinition/functional-score-observation-profile"
          ]
        },
        "extension": [
          {
            "url": "http://testSK.org/StructureDefinition/observation-timing-context-ext",
            "valueCodeableConcept": {
              "coding": [
                {
                  "system": "http://testSK.org/CodeSystem/assessment-context-cs",
                  "code": "discharge",
                  "display": "Discharge"
                }
              ]
            }
          }
        ],
        "status": "final",
        "category": [
          {
            "coding": [
              {
                "system": "http://terminology.hl7.org/CodeSystem/observation-category",
                "code": "exam",
                "display": "Exam"
              }
            ]
          }
        ],
        "code": {
          "coding": [
            {
              "system": "http://snomed.info/sct",
              "code": "450743008",
              "display": "National Institutes of Health stroke scale score (observable entity)"
            }
          ]
        },
        "subject": {
          "reference": "urn:uuid:3d336010-33d7-471c-93b4-d0fb36ae61ec"
        },
        "encounter": {
          "reference": "urn:uuid:d8aaacb3-3bd4-4e44-b909-10a54cb4b0ce"
        },
        "valueInteger": 13
      },
      "request": {
        "method": "POST",
        "url": "Observation"
      }
    },
    {
      "fullUrl": "urn:uuid:88e3a9df-959e-461c-9830-da068d4de212",
      "resource": {
        "resourceType": "Observation",
        "status": "final",
        "code": {
          "coding": [
            {
              "system": "http://snomed.info/sct",
              "code": "445518008",
              "display": "Age at onset of clinical finding (observable entity)"
            }
          ]
        },
        "subject": {
          "reference": "urn:uuid:3d336010-33d7-471c-93b4-d0fb36ae61ec"
        },
        "encounter": {
          "reference": "urn:uuid:d8aaacb3-3bd4-4e44-b909-10a54cb4b0ce"
        },
        "valueInteger": 87
      },
      "request": {
        "method": "POST",
        "url": "Observation"
      }
    },
    {
      "fullUrl": "urn:uuid:e24099ec-787b-4a98-9ef1-d31d5dcec4e3",
      "resource": {
        "resourceType": "Procedure",
        "meta": {
          "profile": [
            "http://testSK.org/StructureDefinition/stroke-carotid-imaging-procedure-profile"
          ]
        },
        "extension": [
          {
            "url": "http://testSK.org/StructureDefinition/procedure-timing-context-ext",
            "valueCodeableConcept": {
              "coding": [
                {
                  "system": "http://testSK.org/CodeSystem/procedure-timing-context-cs",
                  "code": "post-acute",
                  "display": "Acute Phase (<24h)"
                }
              ]
            }
          }
        ],
        "status": "completed",
        "code": {
          "coding": [
            {
              "system": "http://snomed.info/sct",
              "code": "58920005",
              "display": "Angiography of carotid artery (procedure)"
            }
          ]
        },
        "subject": {
          "reference": "urn:uuid:3d336010-33d7-471c-93b4-d0fb36ae61ec"
        },
        "encounter": {
          "reference": "urn:uuid:d8aaacb3-3bd4-4e44-b909-10a54cb4b0ce"
        }
      },
      "request": {
        "method": "POST",
        "url": "Procedure"
      }
    },
    {
      "fullUrl": "urn:uuid:d4482268-356f-4ad3-8257-e96f0a413fc0",
      "resource": {
        "resourceType": "Observation",
        "meta": {
          "profile": [
            "http://testSK.org/StructureDefinition/base-stroke-observation"
          ]
        },
        "status": "final",
        "code": {
          "coding": [
            {
              "system": "http://snomed.info/sct",
              "code": "77176002",
              "display": "Smoker (finding)"
            }
          ]
        },
        "subject": {
          "reference": "urn:uuid:3d336010-33d7-471c-93b4-d0fb36ae61ec"
        },
        "encounter": {
          "reference": "urn:uuid:d8aaacb3-3bd4-4e44-b909-10a54cb4b0ce"
        }
      },
      "request": {
        "method": "POST",
        "url": "Observation"
      }
    },
    {
      "fullUrl": "urn:uuid:ad37c184-adcd-4b01-88f3-112e9cc64453",
      "resource": {
        "resourceType": "Procedure",
        "extension": [
          {
            "url": "http://testSK.org/StructureDefinition/procedure-timing-context-ext",
            "valueCodeableConcept": {
              "coding": [
                {
                  "system": "http://testSK.org/CodeSystem/procedure-timing-context-cs",
                  "code": "post-acute",
                  "display": "Acute Phase (<24h)"
                }
              ]
            }
          }
        ],
        "status": "completed",
        "category": [
          {
            "coding": [
              {
                "system": "http://terminology.hl7.org/CodeSystem/observation-category",
                "code": "imaging",
                "display": "Imaging"
              }
            ]
          }
        ],
        "code": {
          "coding": [
            {
              "system": "http://snomed.info/sct",
              "code": "396205005",
              "display": "Computed tomography of brain without radiopaque contrast (procedure)"
            }
          ]
        },
        "subject": {
          "reference": "urn:uuid:3d336010-33d7-471c-93b4-d0fb36ae61ec"
        },
        "encounter": {
          "reference": "urn:uuid:d8aaacb3-3bd4-4e44-b909-10a54cb4b0ce"
        },
        "occurrenceDateTime": "2024-11-23T14:30:00+01:00"
      },
      "request": {
        "method": "POST",
        "url": "Procedure"
      }
    },
    {
      "fullUrl": "urn:uuid:7ba24fd3-335c-4a99-b1bc-175584ed5d10",
      "resource": {
        "resourceType": "Observation",
        "meta": {
          "profile": [
            "http://testSK.org/StructureDefinition/specific-finding-observation-profile"
          ]
        },
        "status": "final",
        "category": [
          {
            "coding": [
              {
                "system": "http://terminology.hl7.org/CodeSystem/observation-category",
                "code": "laboratory",
                "display": "Laboratory"
              }
            ]
          }
        ],
        "code": {
          "coding": [
            {
              "system": "http://snomed.info/sct",
              "code": "49436004",
              "display": "Atrial fibrillation (disorder)"
            }
          ]
        },
        "subject": {
          "reference": "urn:uuid:3d336010-33d7-471c-93b4-d0fb36ae61ec"
        },
        "encounter": {
          "reference": "urn:uuid:d8aaacb3-3bd4-4e44-b909-10a54cb4b0ce"
        },
        "effectiveDateTime": "2024-11-23T12:56:00+01:00",
        "valueCodeableConcept": {
          "coding": [
            {
              "system": "http://snomed.info/sct",
              "code": "410515005",
              "display": "Known present (qualifier value)"
            }
          ]
        }
      },
      "request": {
        "method": "POST",
        "url": "Observation"
      }
    },
    {
      "fullUrl": "urn:uuid:778d14ed-e88c-4d78-aba4-87ae5852646e",
      "resource": {
        "resourceType": "MedicationStatement",
        "meta": {
          "profile": [
            "http://testSK.org/StructureDefinition/prior-medication-statement-profile"
          ]
        },
        "status": "recorded",
        "medication": {
          "concept": {
            "coding": [
              {
                "system": "http://testSK.org/CodeSystem/medication-statement-cs",
                "code": "antidiabetic",
                "display": "Any Antidiabetic"
              }
            ]
          }
        },
        "subject": {
          "reference": "urn:uuid:3d336010-33d7-471c-93b4-d0fb36ae61ec"
        },
        "encounter": {
          "reference": "urn:uuid:d8aaacb3-3bd4-4e44-b909-10a54cb4b0ce"
        },
        "adherence": {
          "code": {
            "coding": [
              {
                "system": "http://hl7.org/fhir/CodeSystem/medication-statement-adherence",
                "code": "taking",
                "display": "Taking"
              }
            ]
          }
        }
      },
      "request": {
        "method": "POST",
        "url": "MedicationStatement"
      }
    },
    {
      "fullUrl": "urn:uuid:66951072-dd71-443b-883e-172e78d9bdc9",
      "resource": {
        "resourceType": "MedicationStatement",
        "meta": {
          "profile": [
            "http://testSK.org/StructureDefinition/prior-medication-statement-profile"
          ]
        },
        "status": "recorded",
        "medication": {
          "concept": {
            "coding": [
              {
                "system": "http://snomed.info/sct",
                "code": "308116003",
                "display": "Antihypertensive therapy (procedure)"
              }
            ]
          }
        },
        "subject": {
          "reference": "urn:uuid:3d336010-33d7-471c-93b4-d0fb36ae61ec"
        },
        "encounter": {
          "reference": "urn:uuid:d8aaacb3-3bd4-4e44-b909-10a54cb4b0ce"
        },
        "adherence": {
          "code": {
            "coding": [
              {
                "system": "http://hl7.org/fhir/CodeSystem/medication-statement-adherence",
                "code": "not-taking",
                "display": "Not Taking"
              }
            ]
          }
        }
      },
      "request": {
        "method": "POST",
        "url": "MedicationStatement"
      }
    },
    {
      "fullUrl": "urn:uuid:ee27d414-fde3-47e4-8460-828af861354f",
      "resource": {
        "resourceType": "MedicationStatement",
        "meta": {
          "profile": [
            "http://testSK.org/StructureDefinition/prior-medication-statement-profile"
          ]
        },
        "status": "recorded",
        "medication": {
          "concept": {
            "coding": [
              {
                "system": "http://snomed.info/sct",
                "code": "182764009",
                "display": "Anticoagulant therapy (procedure)"
              }
            ]
          }
        },
        "subject": {
          "reference": "urn:uuid:3d336010-33d7-471c-93b4-d0fb36ae61ec"
        },
        "encounter": {
          "reference": "urn:uuid:d8aaacb3-3bd4-4e44-b909-10a54cb4b0ce"
        },
        "adherence": {
          "code": {
            "coding": [
              {
                "system": "http://hl7.org/fhir/CodeSystem/medication-statement-adherence",
                "code": "not-taking",
                "display": "Not Taking"
              }
            ]
          }
        }
      },
      "request": {
        "method": "POST",
        "url": "MedicationStatement"
      }
    },
    {
      "fullUrl": "urn:uuid:af1539cf-cc30-4836-899d-14dd378122fc",
      "resource": {
        "resourceType": "MedicationStatement",
        "meta": {
          "profile": [
            "http://testSK.org/StructureDefinition/prior-medication-statement-profile"
          ]
        },
        "status": "recorded",
        "medication": {
          "concept": {
            "coding": [
              {
                "system": "http://testSK.org/CodeSystem/medication-statement-cs",
                "code": "antiplatelet",
                "display": "Any Antiplatelet"
              }
            ]
          }
        },
        "subject": {
          "reference": "urn:uuid:3d336010-33d7-471c-93b4-d0fb36ae61ec"
        },
        "encounter": {
          "reference": "urn:uuid:d8aaacb3-3bd4-4e44-b909-10a54cb4b0ce"
        },
        "adherence": {
          "code": {
            "coding": [
              {
                "system": "http://hl7.org/fhir/CodeSystem/medication-statement-adherence",
                "code": "not-taking",
                "display": "Not Taking"
              }
            ]
          }
        }
      },
      "request": {
        "method": "POST",
        "url": "MedicationStatement"
      }
    },
    {
      "fullUrl": "urn:uuid:ca39bd0b-223a-45be-8716-f1a36d19e954",
      "resource": {
        "resourceType": "MedicationStatement",
        "meta": {
          "profile": [
            "http://testSK.org/StructureDefinition/prior-medication-statement-profile"
          ]
        },
        "status": "recorded",
        "medication": {
          "concept": {
            "coding": [
              {
                "system": "http://testSK.org/CodeSystem/medication-statement-cs",
                "code": "asa",
                "display": "Aspirin"
              }
            ]
          }
        },
        "subject": {
          "reference": "urn:uuid:3d336010-33d7-471c-93b4-d0fb36ae61ec"
        },
        "encounter": {
          "reference": "urn:uuid:d8aaacb3-3bd4-4e44-b909-10a54cb4b0ce"
        },
        "adherence": {
          "code": {
            "coding": [
              {
                "system": "http://hl7.org/fhir/CodeSystem/medication-statement-adherence",
                "code": "not-taking",
                "display": "Not Taking"
              }
            ]
          }
        }
      },
      "request": {
        "method": "POST",
        "url": "MedicationStatement"
      }
    },
    {
      "fullUrl": "urn:uuid:3491d43f-f301-4d59-a06c-ae0bc9311a01",
      "resource": {
        "resourceType": "MedicationStatement",
        "meta": {
          "profile": [
            "http://testSK.org/StructureDefinition/prior-medication-statement-profile"
          ]
        },
        "status": "recorded",
        "medication": {
          "concept": {
            "coding": [
              {
                "system": "http://testSK.org/CodeSystem/medication-statement-cs",
                "code": "clopidogrel",
                "display": "Clopidogrel"
              }
            ]
          }
        },
        "subject": {
          "reference": "urn:uuid:3d336010-33d7-471c-93b4-d0fb36ae61ec"
        },
        "encounter": {
          "reference": "urn:uuid:d8aaacb3-3bd4-4e44-b909-10a54cb4b0ce"
        },
        "adherence": {
          "code": {
            "coding": [
              {
                "system": "http://hl7.org/fhir/CodeSystem/medication-statement-adherence",
                "code": "not-taking",
                "display": "Not Taking"
              }
            ]
          }
        }
      },
      "request": {
        "method": "POST",
        "url": "MedicationStatement"
      }
    },
    {
      "fullUrl": "urn:uuid:9aa75f29-190f-4634-8d59-02ce860a4777",
      "resource": {
        "resourceType": "MedicationStatement",
        "meta": {
          "profile": [
            "http://testSK.org/StructureDefinition/prior-medication-statement-profile"
          ]
        },
        "status": "recorded",
        "medication": {
          "concept": {
            "coding": [
              {
                "system": "http://snomed.info/sct",
                "code": "1237404009",
                "display": "Uses hormone method of contraception (finding)"
              }
            ]
          }
        },
        "subject": {
          "reference": "urn:uuid:3d336010-33d7-471c-93b4-d0fb36ae61ec"
        },
        "encounter": {
          "reference": "urn:uuid:d8aaacb3-3bd4-4e44-b909-10a54cb4b0ce"
        },
        "adherence": {
          "code": {
            "coding": [
              {
                "system": "http://hl7.org/fhir/CodeSystem/medication-statement-adherence",
                "code": "not-taking",
                "display": "Not Taking"
              }
            ]
          }
        }
      },
      "request": {
        "method": "POST",
        "url": "MedicationStatement"
      }
    },
    {
      "fullUrl": "urn:uuid:d7649953-c831-4719-8ca8-5f74c84a9fbe",
      "resource": {
        "resourceType": "MedicationStatement",
        "meta": {
          "profile": [
            "http://testSK.org/StructureDefinition/prior-medication-statement-profile"
          ]
        },
        "status": "recorded",
        "medication": {
          "concept": {
            "coding": [
              {
                "system": "http://snomed.info/sct",
                "code": "182764009",
                "display": "Anticoagulant therapy (procedure)"
              }
            ]
          }
        },
        "subject": {
          "reference": "urn:uuid:3d336010-33d7-471c-93b4-d0fb36ae61ec"
        },
        "encounter": {
          "reference": "urn:uuid:d8aaacb3-3bd4-4e44-b909-10a54cb4b0ce"
        },
        "adherence": {
          "code": {
            "coding": [
              {
                "system": "http://hl7.org/fhir/CodeSystem/medication-statement-adherence",
                "code": "not-taking",
                "display": "Not Taking"
              }
            ]
          }
        }
      },
      "request": {
        "method": "POST",
        "url": "MedicationStatement"
      }
    },
    {
      "fullUrl": "urn:uuid:eb6f5a93-7d5e-4c13-a398-ada40600aecd",
      "resource": {
        "resourceType": "MedicationStatement",
        "meta": {
          "profile": [
            "http://testSK.org/StructureDefinition/prior-medication-statement-profile"
          ]
        },
        "status": "recorded",
        "medication": {
          "concept": {
            "coding": [
              {
                "system": "http://snomed.info/sct",
                "code": "315053001",
                "display": "Administration of prophylactic statin (procedure)"
              }
            ]
          }
        },
        "subject": {
          "reference": "urn:uuid:3d336010-33d7-471c-93b4-d0fb36ae61ec"
        },
        "encounter": {
          "reference": "urn:uuid:d8aaacb3-3bd4-4e44-b909-10a54cb4b0ce"
        },
        "adherence": {
          "code": {
            "coding": [
              {
                "system": "http://hl7.org/fhir/CodeSystem/medication-statement-adherence",
                "code": "not-taking",
                "display": "Not Taking"
              }
            ]
          }
        }
      },
      "request": {
        "method": "POST",
        "url": "MedicationStatement"
      }
    },
    {
      "fullUrl": "urn:uuid:b4b49720-3bd6-4796-9723-3904554c8436",
      "resource": {
        "resourceType": "MedicationStatement",
        "meta": {
          "profile": [
            "http://testSK.org/StructureDefinition/prior-medication-statement-profile"
          ]
        },
        "status": "recorded",
        "medication": {
          "concept": {
            "coding": [
              {
                "system": "http://snomed.info/sct",
                "code": "722045009",
                "display": "Warfarin therapy (procedure)"
              }
            ]
          }
        },
        "subject": {
          "reference": "urn:uuid:3d336010-33d7-471c-93b4-d0fb36ae61ec"
        },
        "encounter": {
          "reference": "urn:uuid:d8aaacb3-3bd4-4e44-b909-10a54cb4b0ce"
        },
        "adherence": {
          "code": {
            "coding": [
              {
                "system": "http://hl7.org/fhir/CodeSystem/medication-statement-adherence",
                "code": "not-taking",
                "display": "Not Taking"
              }
            ]
          }
        }
      },
      "request": {
        "method": "POST",
        "url": "MedicationStatement"
      }
    },
    {
      "fullUrl": "urn:uuid:1413073c-4d64-4a07-a2c4-9688b9d8d865",
      "resource": {
        "resourceType": "MedicationRequest",
        "meta": {
          "profile": [
            "http://testSK.org/StructureDefinition/discharge-medication-request-profile"
          ]
        },
        "status": "active",
        "intent": "order",
        "category": [
          {
            "coding": [
              {
                "system": "http://terminology.hl7.org/CodeSystem/medicationrequest-admin-location",
                "code": "community",
                "display": "Community"
              }
            ]
          }
        ],
        "medication": {
          "concept": {
            "coding": [
              {
                "system": "http://testSK.org/CodeSystem/discharge-medication-cs",
                "code": "anticoagulant",
                "display": "Any Anticoagulant"
              }
            ]
          }
        },
        "subject": {
          "reference": "urn:uuid:3d336010-33d7-471c-93b4-d0fb36ae61ec"
        },
        "encounter": {
          "reference": "urn:uuid:d8aaacb3-3bd4-4e44-b909-10a54cb4b0ce"
        }
      },
      "request": {
        "method": "POST",
        "url": "MedicationRequest"
      }
    },
    {
      "fullUrl": "urn:uuid:5adc5b1e-5eaa-479e-a694-603346f2fc7a",
      "resource": {
        "resourceType": "MedicationRequest",
        "meta": {
          "profile": [
            "http://testSK.org/StructureDefinition/discharge-medication-request-profile"
          ]
        },
        "status": "active",
        "intent": "order",
        "category": [
          {
            "coding": [
              {
                "system": "http://terminology.hl7.org/CodeSystem/medicationrequest-admin-location",
                "code": "community",
                "display": "Community"
              }
            ]
          }
        ],
        "medication": {
          "concept": {
            "coding": [
              {
                "system": "http://testSK.org/CodeSystem/discharge-medication-cs",
                "code": "other",
                "display": "Other"
              }
            ]
          }
        },
        "subject": {
          "reference": "urn:uuid:3d336010-33d7-471c-93b4-d0fb36ae61ec"
        },
        "encounter": {
          "reference": "urn:uuid:d8aaacb3-3bd4-4e44-b909-10a54cb4b0ce"
        }
      },
      "request": {
        "method": "POST",
        "url": "MedicationRequest"
      }
    },
    {
      "fullUrl": "urn:uuid:9c415e4a-9f53-4d02-b858-6674235ae920",
      "resource": {
        "resourceType": "MedicationRequest",
        "meta": {
          "profile": [
            "http://testSK.org/StructureDefinition/discharge-medication-request-profile"
          ]
        },
        "status": "active",
        "intent": "order",
        "category": [
          {
            "coding": [
              {
                "system": "http://terminology.hl7.org/CodeSystem/medicationrequest-admin-location",
                "code": "community",
                "display": "Community"
              }
            ]
          }
        ],
        "medication": {
          "concept": {
            "coding": [
              {
                "system": "http://testSK.org/CodeSystem/discharge-medication-cs",
                "code": "warfarin",
                "display": "Warfarin"
              }
            ]
          }
        },
        "subject": {
          "reference": "urn:uuid:3d336010-33d7-471c-93b4-d0fb36ae61ec"
        },
        "encounter": {
          "reference": "urn:uuid:d8aaacb3-3bd4-4e44-b909-10a54cb4b0ce"
        }
      },
      "request": {
        "method": "POST",
        "url": "MedicationRequest"
      }
    }
  ]
}