{
  "resourceType": "Bundle",
  "type": "transaction",
  "entry": [
    {
      "fullUrl": "urn:uuid:dd8e1f6f-8024-45ca-9e09-da6340cf73e6",
      "resource": {
        "resourceType": "Organization",
        "identifier": [
          {
            "system": "https://stroke.qualityregistry.org",
            "value": "1482"
          }
        ],
        "active": true,
        "name": "Fakultná nemocnica Nitra"
      },
      "request": {
        "method": "POST",
        "url": "Organization"
      }
    },
    {
      "fullUrl": "urn:uuid:2dd0d588-d98a-4430-9047-a4ddf0d65657",
      "resource": {
        "resourceType": "Patient",
        "id": "857432"
      },
      "request": {
        "method": "POST",
        "url": "Patient"
      }
    },
    {
      "fullUrl": "urn:uuid:82ac9f48-7786-4315-a519-c0e169a2d198",
      "resource": {
        "resourceType": "Encounter",
        "meta": {
          "profile": [
            "http://testSK.org/StructureDefinition/stroke-encounter-profile"
          ]
        },
        "extension": [
          {
            "url": "http://testSK.org/StructureDefinition/initial-care-intensity-ext",
            "valueCodeableConcept": {
              "coding": [
                {
                  "system": "http://testSK.org/CodeSystem/initial-care-intensity-cs",
                  "code": "icu-stroke",
                  "display": "ICU / Stroke Unit"
                }
              ]
            }
          },
          {
            "url": "http://testSK.org/StructureDefinition/first-hospital-ext",
            "valueBoolean": true
          },
          {
            "url": "http://testSK.org/StructureDefinition/required-post-acute-care-ext",
            "valueBoolean": true
          }
        ],
        "status": "completed",
        "class": [
          {
            "coding": [
              {
                "system": "http://terminology.hl7.org/CodeSystem/v3-ActCode",
                "code": "IMP",
                "display": "inpatient encounter"
              }
            ]
          }
        ],
        "subject": {
          "reference": "urn:uuid:2dd0d588-d98a-4430-9047-a4ddf0d65657"
        },
        "actualPeriod": {
          "start": "2024-03-04T12:43:00+01:00",
          "end": "2024-03-06T12:47:00+01:00"
        },
        "admission": {
          "admitSource": {
            "coding": [
              {
                "system": "http://testSK.org/CodeSystem/stroke-arrival-mode-cs",
                "code": "ems-home",
                "display": "EMS from Home"
              }
            ]
          },
          "dischargeDisposition": {
            "coding": [
              {
                "system": "http://snomed.info/sct",
                "code": "306689006",
                "display": "Discharge to home (procedure)"
              }
            ]
          }
        }
      },
      "request": {
        "method": "POST",
        "url": "Encounter"
      }
    },
    {
      "fullUrl": "urn:uuid:c0b38821-ec06-418e-a60a-2a77e2fc49f3",
      "resource": {
        "resourceType": "Condition",
        "meta": {
          "profile": [
            "http://testSK.org/StructureDefinition/stroke-diagnosis-condition-profile"
          ]
        },
        "extension": [
          {
            "url": "http://testSK.org/StructureDefinition/onset-date-ext",
            "valueDate": "2024-03-04"
          },
          {
            "url": "http://testSK.org/StructureDefinition/onset-time-ext",
            "valueTime": "08:28:00"
          }
        ],
        "clinicalStatus": {
          "coding": [
            {
              "system": "http://terminology.hl7.org/CodeSystem/condition-clinical",
              "code": "active",
              "display": "Active"
            }
          ]
        },
        "verificationStatus": {
          "coding": [
            {
              "system": "http://terminology.hl7.org/CodeSystem/condition-ver-status",
              "code": "confirmed",
              "display": "Confirmed"
            }
          ]
        },
        "code": {
          "coding": [
            {
              "system": "http://snomed.info/sct",
              "code": "266257000",
              "display": "Transient ischemic attack (disorder)"
            }
          ]
        },
        "subject": {
          "reference": "urn:uuid:2dd0d588-d98a-4430-9047-a4ddf0d65657"
        },
        "encounter": {
          "reference": "urn:uuid:82ac9f48-7786-4315-a519-c0e169a2d198"
        }
      },
      "request": {
        "method": "POST",
        "url": "Condition"
      }
    },
    {
      "fullUrl": "urn:uuid:6e457709-6101-4ffa-8fc9-cf3ebb4f8574",
      "resource": {
        "resourceType": "Observation",
        "meta": {
          "profile": [
            "http://testSK.org/StructureDefinition/vital-sign-observation-profile"
          ]
        },
        "status": "final",
        "category": [
          {
            "coding": [
              {
                "system": "http://terminology.hl7.org/CodeSystem/observation-category",
                "code": "vital-signs",
                "display": "Vital Signs"
              }
            ]
          }
        ],
        "code": {
          "coding": [
            {
              "system": "http://snomed.info/sct",
              "code": "61746007",
              "display": "Taking patient vital signs (procedure)"
            }
          ]
        },
        "subject": {
          "reference": "urn:uuid:2dd0d588-d98a-4430-9047-a4ddf0d65657"
        },
        "encounter": {
          "reference": "urn:uuid:82ac9f48-7786-4315-a519-c0e169a2d198"
        },
        "component": [
          {
            "code": {
              "coding": [
                {
                  "system": "http://snomed.info/sct",
                  "code": "271649006",
                  "display": "Systolic blood pressure (observable entity)"
                }
              ]
            },
            "valueQuantity": {
              "value": 124.0,
              "unit": "millimeter Mercury column",
              "system": "https://ucum.org/ucum",
              "code": "mm[Hg]"
            }
          },
          {
            "code": {
              "coding": [
                {
                  "system": "http://snomed.info/sct",
                  "code": "271650006",
                  "display": "Diastolic blood pressure (observable entity)"
                }
              ]
            },
            "valueQuantity": {
              "value": 81.0,
              "unit": "millimeter Mercury column",
              "system": "https://ucum.org/ucum",
              "code": "mm[Hg]"
            }
          }
        ]
      },
      "request": {
        "method": "POST",
        "url": "Observation"
      }
    },
    {
      "fullUrl": "urn:uuid:7513eb75-f18e-4274-aa00-92e43b062fac",
      "resource": {
        "resourceType": "Observation",
        "meta": {
          "profile": [
            "http://testSK.org/StructureDefinition/functional-score-observation-profile"
          ]
        },
        "extension": [
          {
            "url": "http://testSK.org/StructureDefinition/observation-timing-context-ext",
            "valueCodeableConcept": {
              "coding": [
                {
                  "system": "http://testSK.org/CodeSystem/assessment-context-cs",
                  "code": "pre-stroke",
                  "display": "Pre-stroke"
                }
              ]
            }
          }
        ],
        "status": "final",
        "category": [
          {
            "coding": [
              {
                "system": "http://terminology.hl7.org/CodeSystem/observation-category",
                "code": "exam",
                "display": "Exam"
              }
            ]
          }
        ],
        "code": {
          "coding": [
            {
              "system": "http://snomed.info/sct",
              "code": "1255866005",
              "display": "Modified Rankin Scale score (observable entity)"
            }
          ]
        },
        "subject": {
          "reference": "urn:uuid:2dd0d588-d98a-4430-9047-a4ddf0d65657"
        },
        "encounter": {
          "reference": "urn:uuid:82ac9f48-7786-4315-a519-c0e169a2d198"
        },
        "valueCodeableConcept": {
          "coding": [
            {
              "system": "http://testSK.org/CodeSystem/mrs-score-cs",
              "code": "1",
              "display": "No significant disability despite symptoms; able to carry out all usual duties and activities"
            }
          ]
        }
      },
      "request": {
        "method": "POST",
        "url": "Observation"
      }
    },
    {
      "fullUrl": "urn:uuid:64e252b3-65f2-4a49-b34f-30812df7eaae",
      "resource": {
        "resourceType": "Observation",
        "meta": {
          "profile": [
            "http://testSK.org/StructureDefinition/functional-score-observation-profile"
          ]
        },
        "extension": [
          {
            "url": "http://testSK.org/StructureDefinition/observation-timing-context-ext",
            "valueCodeableConcept": {
              "coding": [
                {
                  "system": "http://testSK.org/CodeSystem/assessment-context-cs",
                  "code": "discharge",
                  "display": "Discharge"
                }
              ]
            }
          }
        ],
        "status": "final",
        "category": [
          {
            "coding": [
              {
                "system": "http://terminology.hl7.org/CodeSystem/observation-category",
                "code": "exam",
                "display": "Exam"
              }
            ]
          }
        ],
        "code": {
          "coding": [
            {
              "system": "http://snomed.info/sct",
              "code": "1255866005",
              "display": "Modified Rankin Scale score (observable entity)"
            }
          ]
        },
        "subject": {
          "reference": "urn:uuid:2dd0d588-d98a-4430-9047-a4ddf0d65657"
        },
        "encounter": {
          "reference": "urn:uuid:82ac9f48-7786-4315-a519-c0e169a2d198"
        },
        "valueCodeableConcept": {
          "coding": [
            {
              "system": "http://testSK.org/CodeSystem/mrs-score-cs",
              "code": "3",
              "display": "Moderate disability; requiring some help, but able to walk without assistance"
            }
          ]
        }
      },
      "request": {
        "method": "POST",
        "url": "Observation"
      }
    },
    {
      "fullUrl": "urn:uuid:d433a6a8-16bf-49e8-bc18-25832356b63f",
      "resource": {
        "resourceType": "Observation",
        "meta": {
          "profile": [
            "http://testSK.org/StructureDefinition/functional-score-observation-profile"
          ]
        },
        "extension": [
          {
            "url": "http://testSK.org/StructureDefinition/observation-timing-context-ext",
            "valueCodeableConcept": {
              "coding": [
                {
                  "system": "http://testSK.org/CodeSystem/assessment-context-cs",
                  "code": "3-month",
                  "display": "3 Month Follow-up"
                }
              ]
            }
          }
        ],
        "status": "final",
        "category": [
          {
            "coding": [
              {
                "system": "http://terminology.hl7.org/CodeSystem/observation-category",
                "code": "exam",
                "display": "Exam"
              }
            ]
          }
        ],
        "code": {
          "coding": [
            {
              "system": "http://snomed.info/sct",
              "code": "1255866005",
              "display": "Modified Rankin Scale score (observable entity)"
            }
          ]
        },
        "subject": {
          "reference": "urn:uuid:2dd0d588-d98a-4430-9047-a4ddf0d65657"
        },
        "encounter": {
          "reference": "urn:uuid:82ac9f48-7786-4315-a519-c0e169a2d198"
        },
        "valueCodeableConcept": {
          "coding": [
            {
              "system": "http://testSK.org/CodeSystem/mrs-score-cs",
              "code": "4",
              "display": "Moderately severe disability; unable to walk without assistance and unable to attend to own bodily needs without assistance"
            }
          ]
        }
      },
      "request": {
        "method": "POST",
        "url": "Observation"
      }
    },
    {
      "fullUrl": "urn:uuid:6a487021-7f0c-490f-9ab0-40eda66fb187",
      "resource": {
        "resourceType": "Observation",
        "meta": {
          "profile": [
            "http://testSK.org/StructureDefinition/functional-score-observation-profile"
          ]
        },
        "extension": [
          {
            "url": "http://testSK.org/StructureDefinition/observation-timing-context-ext",
            "valueCodeableConcept": {
              "coding": [
                {
                  "system": "http://testSK.org/CodeSystem/assessment-context-cs",
                  "code": "admission",
                  "display": "Admission"
                }
              ]
            }
          }
        ],
        "status": "final",
        "category": [
          {
            "coding": [
              {
                "system": "http://terminology.hl7.org/CodeSystem/observation-category",
                "code": "exam",
                "display": "Exam"
              }
            ]
          }
        ],
        "code": {
          "coding": [
            {
              "system": "http://snomed.info/sct",
              "code": "450743008",
              "display": "National Institutes of Health stroke scale score (observable entity)"
            }
          ]
        },
        "subject": {
          "reference": "urn:uuid:2dd0d588-d98a-4430-9047-a4ddf0d65657"
        },
        "encounter": {
          "reference": "urn:uuid:82ac9f48-7786-4315-a519-c0e169a2d198"
        },
        "valueInteger": 9
      },
      "request": {
        "method": "POST",
        "url": "Observation"
      }
    },
    {
      "fullUrl": "urn:uuid:eecdbd86-fbb0-44bb-8219-d9be6f9f1526",
      "resource": {
        "resourceType": "Observation",
        "meta": {
          "profile": [
            "http://testSK.org/StructureDefinition/functional-score-observation-profile"
          ]
        },
        "extension": [
          {
            "url": "http://testSK.org/StructureDefinition/observation-timing-context-ext",
            "valueCodeableConcept": {
              "coding": [
                {
                  "system": "http://testSK.org/CodeSystem/assessment-context-cs",
                  "code": "discharge",
                  "display": "Discharge"
                }
              ]
            }
          }
        ],
        "status": "final",
        "category": [
          {
            "coding": [
              {
                "system": "http://terminology.hl7.org/CodeSystem/observation-category",
                "code": "exam",
                "display": "Exam"
              }
            ]
          }
        ],
        "code": {
          "coding": [
            {
              "system": "http://snomed.info/sct",
              "code": "450743008",
              "display": "National Institutes of Health stroke scale score (observable entity)"
            }
          ]
        },
        "subject": {
          "reference": "urn:uuid:2dd0d588-d98a-4430-9047-a4ddf0d65657"
        },
        "encounter": {
          "reference": "urn:uuid:82ac9f48-7786-4315-a519-c0e169a2d198"
        },
        "valueInteger": 9
      },
      "request": {
        "method": "POST",
        "url": "Observation"
      }
    },
    {
      "fullUrl": "urn:uuid:eeeb0b42-66fa-45c7-99c2-ed86b0fb05d0",
      "resource": {
        "resourceType": "Observation",
        "status": "final",
        "code": {
          "coding": [
            {
              "system": "http://snomed.info/sct",
              "code": "445518008",
              "display": "Age at onset of clinical finding (observable entity)"
            }
          ]
        },
        "subject": {
          "reference": "urn:uuid:2dd0d588-d98a-4430-9047-a4ddf0d65657"
        },
        "encounter": {
          "reference": "urn:uuid:82ac9f48-7786-4315-a519-c0e169a2d198"
        },
        "valueInteger": 42
      },
      "request": {
        "method": "POST",
        "url": "Observation"
      }
    },
    {
      "fullUrl": "urn:uuid:fc8d86ed-2d48-404c-b897-404089a1c010",
      "resource": {
        "resourceType": "Observation",
        "meta": {
          "profile": [
            "http://testSK.org/StructureDefinition/base-stroke-observation"
          ]
        },
        "status": "final",
        "code": {
          "coding": [
            {
              "system": "http://snomed.info/sct",
              "code": "77176002",
              "display": "Smoker (finding)"
            }
          ]
        },
        "subject": {
          "reference": "urn:uuid:2dd0d588-d98a-4430-9047-a4ddf0d65657"
        },
        "encounter": {
          "reference": "urn:uuid:82ac9f48-7786-4315-a519-c0e169a2d198"
        }
      },
      "request": {
        "method": "POST",
        "url": "Observation"
      }
    },
    {
      "fullUrl": "urn:uuid:9cac8ee7-1ffd-416d-92f6-50bae4acff66",
      "resource": {
        "resourceType": "Procedure",
        "extension": [
          {
            "url": "http://testSK.org/StructureDefinition/procedure-timing-context-ext",
            "valueCodeableConcept": {
              "coding": [
                {
                  "system": "http://testSK.org/CodeSystem/procedure-timing-context-cs",
                  "code": "post-acute",
                  "display": "Acute Phase (<24h)"
                }
              ]
            }
          }
        ],
        "status": "completed",
        "category": [
          {
            "coding": [
              {
                "system": "http://terminology.hl7.org/CodeSystem/observation-category",
                "code": "imaging",
                "display": "Imaging"
              }
            ]
          }
        ],
        "code": {
          "coding": [
            {
              "system": "http://testSK.org/CodeSystem/brain-imaging-type-cs",
              "code": "ct-cta",
              "display": "Computed Tomography (CT) and CT Angiography (CTA)"
            }
          ]
        },
        "subject": {
          "reference": "urn:uuid:2dd0d588-d98a-4430-9047-a4ddf0d65657"
        },
        "encounter": {
          "reference": "urn:uuid:82ac9f48-7786-4315-a519-c0e169a2d198"
        },
        "occurrenceDateTime": "2024-03-04T13:16:00+01:00"
      },
      "request": {
        "method": "POST",
        "url": "Procedure"
      }
    },
    {
      "fullUrl": "urn:uuid:e71fa44d-ab0f-40ec-a716-c8b750f83570",
      "resource": {
        "resourceType": "Observation",
        "meta": {
          "profile": [
            "http://testSK.org/StructureDefinition/specific-finding-observation-profile"
          ]
        },
        "status": "final",
        "category": [
          {
            "coding": [
              {
                "system": "http://terminology.hl7.org/CodeSystem/observation-category",
                "code": "laboratory",
                "display": "Laboratory"
              }
            ]
          }
        ],
        "code": {
          "coding": [
            {
              "system": "http://snomed.info/sct",
              "code": "49436004",
              "display": "Atrial fibrillation (disorder)"
            }
          ]
        },
        "subject": {
          "reference": "urn:uuid:2dd0d588-d98a-4430-9047-a4ddf0d65657"
        },
        "encounter": {
          "reference": "urn:uuid:82ac9f48-7786-4315-a519-c0e169a2d198"
        },
        "effectiveDateTime": "2024-03-04T12:43:00+01:00",
        "valueCodeableConcept": {
          "coding": [
            {
              "system": "http://snomed.info/sct",
              "code": "410516002",
              "display": "Known absent (qualifier value)"
            }
          ]
        }
      },
      "request": {
        "method": "POST",
        "url": "Observation"
      }
    },
    {
      "fullUrl": "urn:uuid:f699ec68-dbd9-4d9f-906c-784c9b80ac13",
      "resource": {
        "resourceType": "MedicationStatement",
        "meta": {
          "profile": [
            "http://testSK.org/StructureDefinition/prior-medication-statement-profile"
          ]
        },
        "status": "recorded",
        "medication": {
          "concept": {
            "coding": [
              {
                "system": "http://testSK.org/CodeSystem/medication-statement-cs",
                "code": "antidiabetic",
                "display": "Any Antidiabetic"
              }
            ]
          }
        },
        "subject": {
          "reference": "urn:uuid:2dd0d588-d98a-4430-9047-a4ddf0d65657"
        },
        "encounter": {
          "reference": "urn:uuid:82ac9f48-7786-4315-a519-c0e169a2d198"
        },
        "adherence": {
          "code": {
            "coding": [
              {
                "system": "http://hl7.org/fhir/CodeSystem/medication-statement-adherence",
                "code": "not-taking",
                "display": "Not Taking"
              }
            ]
          }
        }
      },
      "request": {
        "method": "POST",
        "url": "MedicationStatement"
      }
    },
    {
      "fullUrl": "urn:uuid:972cc6df-5b09-4bf4-81a9-d1ac9bb92677",
      "resource": {
        "resourceType": "MedicationStatement",
        "meta": {
          "profile": [
            "http://testSK.org/StructureDefinition/prior-medication-statement-profile"
          ]
        },
        "status": "recorded",
        "medication": {
          "concept": {
            "coding": [
              {
                "system": "http://snomed.info/sct",
                "code": "308116003",
                "display": "Antihypertensive therapy (procedure)"
              }
            ]
          }
        },
        "subject": {
          "reference": "urn:uuid:2dd0d588-d98a-4430-9047-a4ddf0d65657"
        },
        "encounter": {
          "reference": "urn:uuid:82ac9f48-7786-4315-a519-c0e169a2d198"
        },
        "adherence": {
          "code": {
            "coding": [
              {
                "system": "http://hl7.org/fhir/CodeSystem/medication-statement-adherence",
                "code": "not-taking",
                "display": "Not Taking"
              }
            ]
          }
        }
      },
      "request": {
        "method": "POST",
        "url": "MedicationStatement"
      }
    },
    {
      "fullUrl": "urn:uuid:1740261e-ce89-40e7-8afc-a329f10797b1",
      "resource": {
        "resourceType": "MedicationStatement",
        "meta": {
          "profile": [
            "http://testSK.org/StructureDefinition/prior-medication-statement-profile"
          ]
        },
        "status": "recorded",
        "medication": {
          "concept": {
            "coding": [
              {
                "system": "http://snomed.info/sct",
                "code": "182764009",
                "display": "Anticoagulant therapy (procedure)"
              }
            ]
          }
        },
        "subject": {
          "reference": "urn:uuid:2dd0d588-d98a-4430-9047-a4ddf0d65657"
        },
        "encounter": {
          "reference": "urn:uuid:82ac9f48-7786-4315-a519-c0e169a2d198"
        },
        "adherence": {
          "code": {
            "coding": [
              {
                "system": "http://hl7.org/fhir/CodeSystem/medication-statement-adherence",
                "code": "not-taking",
                "display": "Not Taking"
              }
            ]
          }
        }
      },
      "request": {
        "method": "POST",
        "url": "MedicationStatement"
      }
    },
    {
      "fullUrl": "urn:uuid:1138e78d-8462-454d-ada5-26348da62e7c",
      "resource": {
        "resourceType": "MedicationStatement",
        "meta": {
          "profile": [
            "http://testSK.org/StructureDefinition/prior-medication-statement-profile"
          ]
        },
        "status": "recorded",
        "medication": {
          "concept": {
            "coding": [
              {
                "system": "http://testSK.org/CodeSystem/medication-statement-cs",
                "code": "antiplatelet",
                "display": "Any Antiplatelet"
              }
            ]
          }
        },
        "subject": {
          "reference": "urn:uuid:2dd0d588-d98a-4430-9047-a4ddf0d65657"
        },
        "encounter": {
          "reference": "urn:uuid:82ac9f48-7786-4315-a519-c0e169a2d198"
        },
        "adherence": {
          "code": {
            "coding": [
              {
                "system": "http://hl7.org/fhir/CodeSystem/medication-statement-adherence",
                "code": "not-taking",
                "display": "Not Taking"
              }
            ]
          }
        }
      },
      "request": {
        "method": "POST",
        "url": "MedicationStatement"
      }
    },
    {
      "fullUrl": "urn:uuid:70d50087-8392-4b50-aecc-e5bc090d5136",
      "resource": {
        "resourceType": "MedicationStatement",
        "meta": {
          "profile": [
            "http://testSK.org/StructureDefinition/prior-medication-statement-profile"
          ]
        },
        "status": "recorded",
        "medication": {
          "concept": {
            "coding": [
              {
                "system": "http://testSK.org/CodeSystem/medication-statement-cs",
                "code": "aspirin",
                "display": "Aspirin"
              }
            ]
          }
        },
        "subject": {
          "reference": "urn:uuid:2dd0d588-d98a-4430-9047-a4ddf0d65657"
        },
        "encounter": {
          "reference": "urn:uuid:82ac9f48-7786-4315-a519-c0e169a2d198"
        },
        "adherence": {
          "code": {
            "coding": [
              {
                "system": "http://hl7.org/fhir/CodeSystem/medication-statement-adherence",
                "code": "not-taking",
                "display": "Not Taking"
              }
            ]
          }
        }
      },
      "request": {
        "method": "POST",
        "url": "MedicationStatement"
      }
    },
    {
      "fullUrl": "urn:uuid:ba67abc8-62a8-4ef4-abbf-13ba031e9f68",
      "resource": {
        "resourceType": "MedicationStatement",
        "meta": {
          "profile": [
            "http://testSK.org/StructureDefinition/prior-medication-statement-profile"
          ]
        },
        "status": "recorded",
        "medication": {
          "concept": {
            "coding": [
              {
                "system": "http://testSK.org/CodeSystem/medication-statement-cs",
                "code": "clopidogrel",
                "display": "Clopidogrel"
              }
            ]
          }
        },
        "subject": {
          "reference": "urn:uuid:2dd0d588-d98a-4430-9047-a4ddf0d65657"
        },
        "encounter": {
          "reference": "urn:uuid:82ac9f48-7786-4315-a519-c0e169a2d198"
        },
        "adherence": {
          "code": {
            "coding": [
              {
                "system": "http://hl7.org/fhir/CodeSystem/medication-statement-adherence",
                "code": "not-taking",
                "display": "Not Taking"
              }
            ]
          }
        }
      },
      "request": {
        "method": "POST",
        "url": "MedicationStatement"
      }
    },
    {
      "fullUrl": "urn:uuid:48f0680c-def7-4728-9d2f-6f681b5b8545",
      "resource": {
        "resourceType": "MedicationStatement",
        "meta": {
          "profile": [
            "http://testSK.org/StructureDefinition/prior-medication-statement-profile"
          ]
        },
        "status": "recorded",
        "medication": {
          "concept": {
            "coding": [
              {
                "system": "http://snomed.info/sct",
                "code": "1237404009",
                "display": "Uses hormone method of contraception (finding)"
              }
            ]
          }
        },
        "subject": {
          "reference": "urn:uuid:2dd0d588-d98a-4430-9047-a4ddf0d65657"
        },
        "encounter": {
          "reference": "urn:uuid:82ac9f48-7786-4315-a519-c0e169a2d198"
        },
        "adherence": {
          "code": {
            "coding": [
              {
                "system": "http://hl7.org/fhir/CodeSystem/medication-statement-adherence",
                "code": "not-taking",
                "display": "Not Taking"
              }
            ]
          }
        }
      },
      "request": {
        "method": "POST",
        "url": "MedicationStatement"
      }
    },
    {
      "fullUrl": "urn:uuid:0bfe8461-7cee-4981-88bd-5620ced1f98e",
      "resource": {
        "resourceType": "MedicationStatement",
        "meta": {
          "profile": [
            "http://testSK.org/StructureDefinition/prior-medication-statement-profile"
          ]
        },
        "status": "recorded",
        "medication": {
          "concept": {
            "coding": [
              {
                "system": "http://snomed.info/sct",
                "code": "182764009",
                "display": "Anticoagulant therapy (procedure)"
              }
            ]
          }
        },
        "subject": {
          "reference": "urn:uuid:2dd0d588-d98a-4430-9047-a4ddf0d65657"
        },
        "encounter": {
          "reference": "urn:uuid:82ac9f48-7786-4315-a519-c0e169a2d198"
        },
        "adherence": {
          "code": {
            "coding": [
              {
                "system": "http://hl7.org/fhir/CodeSystem/medication-statement-adherence",
                "code": "not-taking",
                "display": "Not Taking"
              }
            ]
          }
        }
      },
      "request": {
        "method": "POST",
        "url": "MedicationStatement"
      }
    },
    {
      "fullUrl": "urn:uuid:15665750-e458-466d-8559-4e01c3a9a605",
      "resource": {
        "resourceType": "MedicationStatement",
        "meta": {
          "profile": [
            "http://testSK.org/StructureDefinition/prior-medication-statement-profile"
          ]
        },
        "status": "recorded",
        "medication": {
          "concept": {
            "coding": [
              {
                "system": "http://snomed.info/sct",
                "code": "315053001",
                "display": "Administration of prophylactic statin (procedure)"
              }
            ]
          }
        },
        "subject": {
          "reference": "urn:uuid:2dd0d588-d98a-4430-9047-a4ddf0d65657"
        },
        "encounter": {
          "reference": "urn:uuid:82ac9f48-7786-4315-a519-c0e169a2d198"
        },
        "adherence": {
          "code": {
            "coding": [
              {
                "system": "http://hl7.org/fhir/CodeSystem/medication-statement-adherence",
                "code": "not-taking",
                "display": "Not Taking"
              }
            ]
          }
        }
      },
      "request": {
        "method": "POST",
        "url": "MedicationStatement"
      }
    },
    {
      "fullUrl": "urn:uuid:9743169a-7ff1-4e45-aec3-25ae37585a28",
      "resource": {
        "resourceType": "MedicationStatement",
        "meta": {
          "profile": [
            "http://testSK.org/StructureDefinition/prior-medication-statement-profile"
          ]
        },
        "status": "recorded",
        "medication": {
          "concept": {
            "coding": [
              {
                "system": "http://snomed.info/sct",
                "code": "722045009",
                "display": "Warfarin therapy (procedure)"
              }
            ]
          }
        },
        "subject": {
          "reference": "urn:uuid:2dd0d588-d98a-4430-9047-a4ddf0d65657"
        },
        "encounter": {
          "reference": "urn:uuid:82ac9f48-7786-4315-a519-c0e169a2d198"
        },
        "adherence": {
          "code": {
            "coding": [
              {
                "system": "http://hl7.org/fhir/CodeSystem/medication-statement-adherence",
                "code": "not-taking",
                "display": "Not Taking"
              }
            ]
          }
        }
      },
      "request": {
        "method": "POST",
        "url": "MedicationStatement"
      }
    },
    {
      "fullUrl": "urn:uuid:adae8612-e3f5-4a46-b465-6426e49058e2",
      "resource": {
        "resourceType": "MedicationRequest",
        "meta": {
          "profile": [
            "http://testSK.org/StructureDefinition/discharge-medication-request-profile"
          ]
        },
        "status": "active",
        "intent": "order",
        "category": [
          {
            "coding": [
              {
                "system": "http://terminology.hl7.org/CodeSystem/medicationrequest-admin-location",
                "code": "community",
                "display": "Community"
              }
            ]
          }
        ],
        "medication": {
          "concept": {
            "coding": [
              {
                "system": "http://testSK.org/CodeSystem/discharge-medication-cs",
                "code": "antiplatelet",
                "display": "Any Antiplatelet"
              }
            ]
          }
        },
        "subject": {
          "reference": "urn:uuid:2dd0d588-d98a-4430-9047-a4ddf0d65657"
        },
        "encounter": {
          "reference": "urn:uuid:82ac9f48-7786-4315-a519-c0e169a2d198"
        }
      },
      "request": {
        "method": "POST",
        "url": "MedicationRequest"
      }
    },
    {
      "fullUrl": "urn:uuid:1effff2f-1942-4c3c-b7ff-25cf06148776",
      "resource": {
        "resourceType": "MedicationRequest",
        "meta": {
          "profile": [
            "http://testSK.org/StructureDefinition/discharge-medication-request-profile"
          ]
        },
        "status": "active",
        "intent": "order",
        "category": [
          {
            "coding": [
              {
                "system": "http://terminology.hl7.org/CodeSystem/medicationrequest-admin-location",
                "code": "community",
                "display": "Community"
              }
            ]
          }
        ],
        "medication": {
          "concept": {
            "coding": [
              {
                "system": "http://testSK.org/CodeSystem/discharge-medication-cs",
                "code": "aspirin",
                "display": "Aspirin"
              }
            ]
          }
        },
        "subject": {
          "reference": "urn:uuid:2dd0d588-d98a-4430-9047-a4ddf0d65657"
        },
        "encounter": {
          "reference": "urn:uuid:82ac9f48-7786-4315-a519-c0e169a2d198"
        }
      },
      "request": {
        "method": "POST",
        "url": "MedicationRequest"
      }
    },
    {
      "fullUrl": "urn:uuid:e5dc88f5-540e-4ec9-96aa-79cf553bf2e7",
      "resource": {
        "resourceType": "MedicationRequest",
        "meta": {
          "profile": [
            "http://testSK.org/StructureDefinition/discharge-medication-request-profile"
          ]
        },
        "status": "active",
        "intent": "order",
        "category": [
          {
            "coding": [
              {
                "system": "http://terminology.hl7.org/CodeSystem/medicationrequest-admin-location",
                "code": "community",
                "display": "Community"
              }
            ]
          }
        ],
        "medication": {
          "concept": {
            "coding": [
              {
                "system": "http://testSK.org/CodeSystem/discharge-medication-cs",
                "code": "clopidogrel",
                "display": "Clopidogrel"
              }
            ]
          }
        },
        "subject": {
          "reference": "urn:uuid:2dd0d588-d98a-4430-9047-a4ddf0d65657"
        },
        "encounter": {
          "reference": "urn:uuid:82ac9f48-7786-4315-a519-c0e169a2d198"
        }
      },
      "request": {
        "method": "POST",
        "url": "MedicationRequest"
      }
    }
  ]
}