{
  "resourceType": "Bundle",
  "type": "transaction",
  "entry": [
    {
      "fullUrl": "urn:uuid:81e80c49-c600-45dd-9457-b9ed026fb3e4",
      "resource": {
        "resourceType": "Organization",
        "identifier": [
          {
            "system": "https://stroke.qualityregistry.org",
            "value": "1482"
          }
        ],
        "active": true,
        "name": "Fakultná nemocnica Nitra"
      },
      "request": {
        "method": "POST",
        "url": "Organization"
      }
    },
    {
      "fullUrl": "urn:uuid:2628edd0-94ef-4514-8ebf-f758107259f4",
      "resource": {
        "resourceType": "Patient",
        "id": "711247"
      },
      "request": {
        "method": "POST",
        "url": "Patient"
      }
    },
    {
      "fullUrl": "urn:uuid:04601f2f-443f-482c-a931-86e4c9b23b56",
      "resource": {
        "resourceType": "Encounter",
        "meta": {
          "profile": [
            "http://testSK.org/StructureDefinition/stroke-encounter-profile"
          ]
        },
        "extension": [
          {
            "url": "http://testSK.org/StructureDefinition/initial-care-intensity-ext",
            "valueCodeableConcept": {
              "coding": [
                {
                  "system": "http://testSK.org/CodeSystem/initial-care-intensity-cs",
                  "code": "icu-stroke",
                  "display": "ICU / Stroke Unit"
                }
              ]
            }
          },
          {
            "url": "http://testSK.org/StructureDefinition/first-hospital-ext",
            "valueBoolean": true
          },
          {
            "url": "http://testSK.org/StructureDefinition/required-post-acute-care-ext",
            "valueBoolean": true
          }
        ],
        "status": "completed",
        "class": [
          {
            "coding": [
              {
                "system": "http://terminology.hl7.org/CodeSystem/v3-ActCode",
                "code": "IMP",
                "display": "inpatient encounter"
              }
            ]
          }
        ],
        "subject": {
          "reference": "urn:uuid:2628edd0-94ef-4514-8ebf-f758107259f4"
        },
        "actualPeriod": {
          "start": "2024-07-20T11:31:00+02:00",
          "end": "2024-07-26T08:44:00+02:00"
        },
        "admission": {
          "admitSource": {
            "coding": [
              {
                "system": "http://testSK.org/CodeSystem/stroke-arrival-mode-cs",
                "code": "ems-home",
                "display": "EMS from Home"
              }
            ]
          },
          "dischargeDisposition": {
            "coding": [
              {
                "system": "http://snomed.info/sct",
                "code": "306689006",
                "display": "Discharge to home (procedure)"
              }
            ]
          }
        }
      },
      "request": {
        "method": "POST",
        "url": "Encounter"
      }
    },
    {
      "fullUrl": "urn:uuid:a496d943-80d8-4b24-9dfc-17390ad0d8e5",
      "resource": {
        "resourceType": "Condition",
        "meta": {
          "profile": [
            "http://testSK.org/StructureDefinition/stroke-diagnosis-condition-profile"
          ]
        },
        "extension": [
          {
            "url": "http://testSK.org/StructureDefinition/ischemic-stroke-etiology-ext",
            "valueCodeableConcept": {
              "coding": [
                {
                  "system": "http://testSK.org/CodeSystem/stroke-etiology-cs",
                  "code": "atherosclerosis",
                  "display": "Stroke Etiology Atherosclerosis"
                }
              ]
            }
          },
          {
            "url": "http://testSK.org/StructureDefinition/onset-date-ext",
            "valueDate": "2024-07-20"
          },
          {
            "url": "http://testSK.org/StructureDefinition/onset-time-ext",
            "valueTime": "10:11:00"
          }
        ],
        "clinicalStatus": {
          "coding": [
            {
              "system": "http://terminology.hl7.org/CodeSystem/condition-clinical",
              "code": "active",
              "display": "Active"
            }
          ]
        },
        "verificationStatus": {
          "coding": [
            {
              "system": "http://terminology.hl7.org/CodeSystem/condition-ver-status",
              "code": "confirmed",
              "display": "Confirmed"
            }
          ]
        },
        "code": {
          "coding": [
            {
              "system": "http://snomed.info/sct",
              "code": "422504002",
              "display": "Ischemic stroke (disorder)"
            }
          ]
        },
        "subject": {
          "reference": "urn:uuid:2628edd0-94ef-4514-8ebf-f758107259f4"
        },
        "encounter": {
          "reference": "urn:uuid:04601f2f-443f-482c-a931-86e4c9b23b56"
        }
      },
      "request": {
        "method": "POST",
        "url": "Condition"
      }
    },
    {
      "fullUrl": "urn:uuid:d0e13d50-ffdd-45fd-9efb-3601babe0530",
      "resource": {
        "resourceType": "Observation",
        "meta": {
          "profile": [
            "http://testSK.org/StructureDefinition/vital-sign-observation-profile"
          ]
        },
        "status": "final",
        "category": [
          {
            "coding": [
              {
                "system": "http://terminology.hl7.org/CodeSystem/observation-category",
                "code": "vital-signs",
                "display": "Vital Signs"
              }
            ]
          }
        ],
        "code": {
          "coding": [
            {
              "system": "http://snomed.info/sct",
              "code": "61746007",
              "display": "Taking patient vital signs (procedure)"
            }
          ]
        },
        "subject": {
          "reference": "urn:uuid:2628edd0-94ef-4514-8ebf-f758107259f4"
        },
        "encounter": {
          "reference": "urn:uuid:04601f2f-443f-482c-a931-86e4c9b23b56"
        },
        "component": [
          {
            "code": {
              "coding": [
                {
                  "system": "http://snomed.info/sct",
                  "code": "271649006",
                  "display": "Systolic blood pressure (observable entity)"
                }
              ]
            },
            "valueQuantity": {
              "value": 130.0,
              "unit": "millimeter Mercury column",
              "system": "https://ucum.org/ucum",
              "code": "mm[Hg]"
            }
          },
          {
            "code": {
              "coding": [
                {
                  "system": "http://snomed.info/sct",
                  "code": "271650006",
                  "display": "Diastolic blood pressure (observable entity)"
                }
              ]
            },
            "valueQuantity": {
              "value": 99.0,
              "unit": "millimeter Mercury column",
              "system": "https://ucum.org/ucum",
              "code": "mm[Hg]"
            }
          }
        ]
      },
      "request": {
        "method": "POST",
        "url": "Observation"
      }
    },
    {
      "fullUrl": "urn:uuid:71133547-fb06-4171-b0c0-c5d73b435475",
      "resource": {
        "resourceType": "Observation",
        "meta": {
          "profile": [
            "http://testSK.org/StructureDefinition/functional-score-observation-profile"
          ]
        },
        "extension": [
          {
            "url": "http://testSK.org/StructureDefinition/observation-timing-context-ext",
            "valueCodeableConcept": {
              "coding": [
                {
                  "system": "http://testSK.org/CodeSystem/assessment-context-cs",
                  "code": "pre-stroke",
                  "display": "Pre-stroke"
                }
              ]
            }
          }
        ],
        "status": "final",
        "category": [
          {
            "coding": [
              {
                "system": "http://terminology.hl7.org/CodeSystem/observation-category",
                "code": "exam",
                "display": "Exam"
              }
            ]
          }
        ],
        "code": {
          "coding": [
            {
              "system": "http://snomed.info/sct",
              "code": "1255866005",
              "display": "Modified Rankin Scale score (observable entity)"
            }
          ]
        },
        "subject": {
          "reference": "urn:uuid:2628edd0-94ef-4514-8ebf-f758107259f4"
        },
        "encounter": {
          "reference": "urn:uuid:04601f2f-443f-482c-a931-86e4c9b23b56"
        },
        "valueCodeableConcept": {
          "coding": [
            {
              "system": "http://testSK.org/CodeSystem/mrs-score-cs",
              "code": "3",
              "display": "Moderate disability; requiring some help, but able to walk without assistance"
            }
          ]
        }
      },
      "request": {
        "method": "POST",
        "url": "Observation"
      }
    },
    {
      "fullUrl": "urn:uuid:7ea41008-20fc-4564-b75c-ec43489625b0",
      "resource": {
        "resourceType": "Observation",
        "meta": {
          "profile": [
            "http://testSK.org/StructureDefinition/functional-score-observation-profile"
          ]
        },
        "extension": [
          {
            "url": "http://testSK.org/StructureDefinition/observation-timing-context-ext",
            "valueCodeableConcept": {
              "coding": [
                {
                  "system": "http://testSK.org/CodeSystem/assessment-context-cs",
                  "code": "discharge",
                  "display": "Discharge"
                }
              ]
            }
          }
        ],
        "status": "final",
        "category": [
          {
            "coding": [
              {
                "system": "http://terminology.hl7.org/CodeSystem/observation-category",
                "code": "exam",
                "display": "Exam"
              }
            ]
          }
        ],
        "code": {
          "coding": [
            {
              "system": "http://snomed.info/sct",
              "code": "1255866005",
              "display": "Modified Rankin Scale score (observable entity)"
            }
          ]
        },
        "subject": {
          "reference": "urn:uuid:2628edd0-94ef-4514-8ebf-f758107259f4"
        },
        "encounter": {
          "reference": "urn:uuid:04601f2f-443f-482c-a931-86e4c9b23b56"
        },
        "valueCodeableConcept": {
          "coding": [
            {
              "system": "http://testSK.org/CodeSystem/mrs-score-cs",
              "code": "4",
              "display": "Moderately severe disability; unable to walk without assistance and unable to attend to own bodily needs without assistance"
            }
          ]
        }
      },
      "request": {
        "method": "POST",
        "url": "Observation"
      }
    },
    {
      "fullUrl": "urn:uuid:5f899c65-5254-4e6a-9e39-060aefb271e5",
      "resource": {
        "resourceType": "Observation",
        "meta": {
          "profile": [
            "http://testSK.org/StructureDefinition/functional-score-observation-profile"
          ]
        },
        "extension": [
          {
            "url": "http://testSK.org/StructureDefinition/observation-timing-context-ext",
            "valueCodeableConcept": {
              "coding": [
                {
                  "system": "http://testSK.org/CodeSystem/assessment-context-cs",
                  "code": "3-month",
                  "display": "3 Month Follow-up"
                }
              ]
            }
          }
        ],
        "status": "final",
        "category": [
          {
            "coding": [
              {
                "system": "http://terminology.hl7.org/CodeSystem/observation-category",
                "code": "exam",
                "display": "Exam"
              }
            ]
          }
        ],
        "code": {
          "coding": [
            {
              "system": "http://snomed.info/sct",
              "code": "1255866005",
              "display": "Modified Rankin Scale score (observable entity)"
            }
          ]
        },
        "subject": {
          "reference": "urn:uuid:2628edd0-94ef-4514-8ebf-f758107259f4"
        },
        "encounter": {
          "reference": "urn:uuid:04601f2f-443f-482c-a931-86e4c9b23b56"
        },
        "valueCodeableConcept": {
          "coding": [
            {
              "system": "http://testSK.org/CodeSystem/mrs-score-cs",
              "code": "1",
              "display": "No significant disability despite symptoms; able to carry out all usual duties and activities"
            }
          ]
        }
      },
      "request": {
        "method": "POST",
        "url": "Observation"
      }
    },
    {
      "fullUrl": "urn:uuid:a188226c-61d8-44d4-9a02-a124697175ba",
      "resource": {
        "resourceType": "Observation",
        "meta": {
          "profile": [
            "http://testSK.org/StructureDefinition/functional-score-observation-profile"
          ]
        },
        "extension": [
          {
            "url": "http://testSK.org/StructureDefinition/observation-timing-context-ext",
            "valueCodeableConcept": {
              "coding": [
                {
                  "system": "http://testSK.org/CodeSystem/assessment-context-cs",
                  "code": "admission",
                  "display": "Admission"
                }
              ]
            }
          }
        ],
        "status": "final",
        "category": [
          {
            "coding": [
              {
                "system": "http://terminology.hl7.org/CodeSystem/observation-category",
                "code": "exam",
                "display": "Exam"
              }
            ]
          }
        ],
        "code": {
          "coding": [
            {
              "system": "http://snomed.info/sct",
              "code": "450743008",
              "display": "National Institutes of Health stroke scale score (observable entity)"
            }
          ]
        },
        "subject": {
          "reference": "urn:uuid:2628edd0-94ef-4514-8ebf-f758107259f4"
        },
        "encounter": {
          "reference": "urn:uuid:04601f2f-443f-482c-a931-86e4c9b23b56"
        },
        "valueInteger": 5
      },
      "request": {
        "method": "POST",
        "url": "Observation"
      }
    },
    {
      "fullUrl": "urn:uuid:2e2a62a9-f0fe-4768-a100-310d8d4a3748",
      "resource": {
        "resourceType": "Observation",
        "meta": {
          "profile": [
            "http://testSK.org/StructureDefinition/functional-score-observation-profile"
          ]
        },
        "extension": [
          {
            "url": "http://testSK.org/StructureDefinition/observation-timing-context-ext",
            "valueCodeableConcept": {
              "coding": [
                {
                  "system": "http://testSK.org/CodeSystem/assessment-context-cs",
                  "code": "discharge",
                  "display": "Discharge"
                }
              ]
            }
          }
        ],
        "status": "final",
        "category": [
          {
            "coding": [
              {
                "system": "http://terminology.hl7.org/CodeSystem/observation-category",
                "code": "exam",
                "display": "Exam"
              }
            ]
          }
        ],
        "code": {
          "coding": [
            {
              "system": "http://snomed.info/sct",
              "code": "450743008",
              "display": "National Institutes of Health stroke scale score (observable entity)"
            }
          ]
        },
        "subject": {
          "reference": "urn:uuid:2628edd0-94ef-4514-8ebf-f758107259f4"
        },
        "encounter": {
          "reference": "urn:uuid:04601f2f-443f-482c-a931-86e4c9b23b56"
        },
        "valueInteger": 5
      },
      "request": {
        "method": "POST",
        "url": "Observation"
      }
    },
    {
      "fullUrl": "urn:uuid:9670fe03-53d6-4344-b73a-a0908a6f21b4",
      "resource": {
        "resourceType": "Observation",
        "status": "final",
        "code": {
          "coding": [
            {
              "system": "http://snomed.info/sct",
              "code": "445518008",
              "display": "Age at onset of clinical finding (observable entity)"
            }
          ]
        },
        "subject": {
          "reference": "urn:uuid:2628edd0-94ef-4514-8ebf-f758107259f4"
        },
        "encounter": {
          "reference": "urn:uuid:04601f2f-443f-482c-a931-86e4c9b23b56"
        },
        "valueInteger": 97
      },
      "request": {
        "method": "POST",
        "url": "Observation"
      }
    },
    {
      "fullUrl": "urn:uuid:3e7aa459-bcc7-480c-8ded-e3ac31707a99",
      "resource": {
        "resourceType": "Procedure",
        "meta": {
          "profile": [
            "http://testSK.org/StructureDefinition/stroke-carotid-imaging-procedure-profile"
          ]
        },
        "extension": [
          {
            "url": "http://testSK.org/StructureDefinition/procedure-timing-context-ext",
            "valueCodeableConcept": {
              "coding": [
                {
                  "system": "http://testSK.org/CodeSystem/procedure-timing-context-cs",
                  "code": "post-acute",
                  "display": "Acute Phase (<24h)"
                }
              ]
            }
          }
        ],
        "status": "completed",
        "code": {
          "coding": [
            {
              "system": "http://snomed.info/sct",
              "code": "58920005",
              "display": "Angiography of carotid artery (procedure)"
            }
          ]
        },
        "subject": {
          "reference": "urn:uuid:2628edd0-94ef-4514-8ebf-f758107259f4"
        },
        "encounter": {
          "reference": "urn:uuid:04601f2f-443f-482c-a931-86e4c9b23b56"
        }
      },
      "request": {
        "method": "POST",
        "url": "Procedure"
      }
    },
    {
      "fullUrl": "urn:uuid:e07ef700-d5a0-4c82-8608-2bfb57dbbe49",
      "resource": {
        "resourceType": "Observation",
        "meta": {
          "profile": [
            "http://testSK.org/StructureDefinition/base-stroke-observation"
          ]
        },
        "status": "final",
        "code": {
          "coding": [
            {
              "system": "http://snomed.info/sct",
              "code": "77176002",
              "display": "Smoker (finding)"
            }
          ]
        },
        "subject": {
          "reference": "urn:uuid:2628edd0-94ef-4514-8ebf-f758107259f4"
        },
        "encounter": {
          "reference": "urn:uuid:04601f2f-443f-482c-a931-86e4c9b23b56"
        }
      },
      "request": {
        "method": "POST",
        "url": "Observation"
      }
    },
    {
      "fullUrl": "urn:uuid:e3a190a0-c744-4011-bec4-8f433766707f",
      "resource": {
        "resourceType": "Procedure",
        "extension": [
          {
            "url": "http://testSK.org/StructureDefinition/procedure-timing-context-ext",
            "valueCodeableConcept": {
              "coding": [
                {
                  "system": "http://testSK.org/CodeSystem/procedure-timing-context-cs",
                  "code": "post-acute",
                  "display": "Acute Phase (<24h)"
                }
              ]
            }
          }
        ],
        "status": "completed",
        "category": [
          {
            "coding": [
              {
                "system": "http://terminology.hl7.org/CodeSystem/observation-category",
                "code": "imaging",
                "display": "Imaging"
              }
            ]
          }
        ],
        "code": {
          "coding": [
            {
              "system": "http://testSK.org/CodeSystem/brain-imaging-type-cs",
              "code": "ct-cta",
              "display": "Computed Tomography (CT) and CT Angiography (CTA)"
            }
          ]
        },
        "subject": {
          "reference": "urn:uuid:2628edd0-94ef-4514-8ebf-f758107259f4"
        },
        "encounter": {
          "reference": "urn:uuid:04601f2f-443f-482c-a931-86e4c9b23b56"
        },
        "occurrenceDateTime": "2024-07-20T11:33:00+02:00"
      },
      "request": {
        "method": "POST",
        "url": "Procedure"
      }
    },
    {
      "fullUrl": "urn:uuid:a8ef2562-3de0-4822-888c-e866e27d9d64",
      "resource": {
        "resourceType": "Procedure",
        "meta": {
          "profile": [
            "http://testSK.org/StructureDefinition/stroke-mechanical-procedure-profile"
          ]
        },
        "extension": [
          {
            "url": "http://testSK.org/StructureDefinition/procedure-timing-context-ext",
            "valueCodeableConcept": {
              "coding": [
                {
                  "system": "http://testSK.org/CodeSystem/procedure-timing-context-cs",
                  "code": "post-acute",
                  "display": "Acute Phase (<24h)"
                }
              ]
            }
          }
        ],
        "status": "not-done",
        "statusReason": {
          "coding": [
            {
              "system": "http://testSK.org/CodeSystem/stroke-proc-not-done-reason-cs",
              "code": "time-window",
              "display": "Outside Therapeutic Window"
            }
          ]
        },
        "code": {
          "coding": [
            {
              "system": "http://snomed.info/sct",
              "code": "397046001",
              "display": "Thrombectomy of artery (procedure)"
            }
          ]
        },
        "subject": {
          "reference": "urn:uuid:2628edd0-94ef-4514-8ebf-f758107259f4"
        },
        "encounter": {
          "reference": "urn:uuid:04601f2f-443f-482c-a931-86e4c9b23b56"
        }
      },
      "request": {
        "method": "POST",
        "url": "Procedure"
      }
    },
    {
      "fullUrl": "urn:uuid:ca6ed527-1556-4b50-95b5-d41b105f1189",
      "resource": {
        "resourceType": "Observation",
        "meta": {
          "profile": [
            "http://testSK.org/StructureDefinition/specific-finding-observation-profile"
          ]
        },
        "status": "final",
        "category": [
          {
            "coding": [
              {
                "system": "http://terminology.hl7.org/CodeSystem/observation-category",
                "code": "laboratory",
                "display": "Laboratory"
              }
            ]
          }
        ],
        "code": {
          "coding": [
            {
              "system": "http://snomed.info/sct",
              "code": "49436004",
              "display": "Atrial fibrillation (disorder)"
            }
          ]
        },
        "subject": {
          "reference": "urn:uuid:2628edd0-94ef-4514-8ebf-f758107259f4"
        },
        "encounter": {
          "reference": "urn:uuid:04601f2f-443f-482c-a931-86e4c9b23b56"
        },
        "effectiveDateTime": "2024-07-20T11:31:00+02:00",
        "valueCodeableConcept": {
          "coding": [
            {
              "system": "http://snomed.info/sct",
              "code": "410516002",
              "display": "Known absent (qualifier value)"
            }
          ]
        }
      },
      "request": {
        "method": "POST",
        "url": "Observation"
      }
    },
    {
      "fullUrl": "urn:uuid:37388056-9762-4058-891c-4836dac015e1",
      "resource": {
        "resourceType": "MedicationStatement",
        "meta": {
          "profile": [
            "http://testSK.org/StructureDefinition/prior-medication-statement-profile"
          ]
        },
        "status": "recorded",
        "medication": {
          "concept": {
            "coding": [
              {
                "system": "http://testSK.org/CodeSystem/medication-statement-cs",
                "code": "antiplatelet",
                "display": "Any Antiplatelet"
              }
            ]
          }
        },
        "subject": {
          "reference": "urn:uuid:2628edd0-94ef-4514-8ebf-f758107259f4"
        },
        "encounter": {
          "reference": "urn:uuid:04601f2f-443f-482c-a931-86e4c9b23b56"
        },
        "adherence": {
          "code": {
            "coding": [
              {
                "system": "http://hl7.org/fhir/CodeSystem/medication-statement-adherence",
                "code": "taking",
                "display": "Taking"
              }
            ]
          }
        }
      },
      "request": {
        "method": "POST",
        "url": "MedicationStatement"
      }
    },
    {
      "fullUrl": "urn:uuid:2af95131-51c7-4df1-bb5c-7c76c1f1a0af",
      "resource": {
        "resourceType": "MedicationStatement",
        "meta": {
          "profile": [
            "http://testSK.org/StructureDefinition/prior-medication-statement-profile"
          ]
        },
        "status": "recorded",
        "medication": {
          "concept": {
            "coding": [
              {
                "system": "http://testSK.org/CodeSystem/medication-statement-cs",
                "code": "aspirin",
                "display": "Aspirin"
              }
            ]
          }
        },
        "subject": {
          "reference": "urn:uuid:2628edd0-94ef-4514-8ebf-f758107259f4"
        },
        "encounter": {
          "reference": "urn:uuid:04601f2f-443f-482c-a931-86e4c9b23b56"
        },
        "adherence": {
          "code": {
            "coding": [
              {
                "system": "http://hl7.org/fhir/CodeSystem/medication-statement-adherence",
                "code": "taking",
                "display": "Taking"
              }
            ]
          }
        }
      },
      "request": {
        "method": "POST",
        "url": "MedicationStatement"
      }
    },
    {
      "fullUrl": "urn:uuid:4411477e-0ab1-4c15-974d-4532aea7e910",
      "resource": {
        "resourceType": "MedicationStatement",
        "meta": {
          "profile": [
            "http://testSK.org/StructureDefinition/prior-medication-statement-profile"
          ]
        },
        "status": "recorded",
        "medication": {
          "concept": {
            "coding": [
              {
                "system": "http://testSK.org/CodeSystem/medication-statement-cs",
                "code": "clopidogrel",
                "display": "Clopidogrel"
              }
            ]
          }
        },
        "subject": {
          "reference": "urn:uuid:2628edd0-94ef-4514-8ebf-f758107259f4"
        },
        "encounter": {
          "reference": "urn:uuid:04601f2f-443f-482c-a931-86e4c9b23b56"
        },
        "adherence": {
          "code": {
            "coding": [
              {
                "system": "http://hl7.org/fhir/CodeSystem/medication-statement-adherence",
                "code": "taking",
                "display": "Taking"
              }
            ]
          }
        }
      },
      "request": {
        "method": "POST",
        "url": "MedicationStatement"
      }
    },
    {
      "fullUrl": "urn:uuid:d720ff17-ae83-4f08-ad7b-f9c02b4c6007",
      "resource": {
        "resourceType": "MedicationStatement",
        "meta": {
          "profile": [
            "http://testSK.org/StructureDefinition/prior-medication-statement-profile"
          ]
        },
        "status": "recorded",
        "medication": {
          "concept": {
            "coding": [
              {
                "system": "http://testSK.org/CodeSystem/medication-statement-cs",
                "code": "antidiabetic",
                "display": "Any Antidiabetic"
              }
            ]
          }
        },
        "subject": {
          "reference": "urn:uuid:2628edd0-94ef-4514-8ebf-f758107259f4"
        },
        "encounter": {
          "reference": "urn:uuid:04601f2f-443f-482c-a931-86e4c9b23b56"
        },
        "adherence": {
          "code": {
            "coding": [
              {
                "system": "http://hl7.org/fhir/CodeSystem/medication-statement-adherence",
                "code": "not-taking",
                "display": "Not Taking"
              }
            ]
          }
        }
      },
      "request": {
        "method": "POST",
        "url": "MedicationStatement"
      }
    },
    {
      "fullUrl": "urn:uuid:3d8310ed-7346-4862-b1f2-90f7f72e2b3e",
      "resource": {
        "resourceType": "MedicationStatement",
        "meta": {
          "profile": [
            "http://testSK.org/StructureDefinition/prior-medication-statement-profile"
          ]
        },
        "status": "recorded",
        "medication": {
          "concept": {
            "coding": [
              {
                "system": "http://snomed.info/sct",
                "code": "308116003",
                "display": "Antihypertensive therapy (procedure)"
              }
            ]
          }
        },
        "subject": {
          "reference": "urn:uuid:2628edd0-94ef-4514-8ebf-f758107259f4"
        },
        "encounter": {
          "reference": "urn:uuid:04601f2f-443f-482c-a931-86e4c9b23b56"
        },
        "adherence": {
          "code": {
            "coding": [
              {
                "system": "http://hl7.org/fhir/CodeSystem/medication-statement-adherence",
                "code": "not-taking",
                "display": "Not Taking"
              }
            ]
          }
        }
      },
      "request": {
        "method": "POST",
        "url": "MedicationStatement"
      }
    },
    {
      "fullUrl": "urn:uuid:5efae01f-b72e-4cbe-973d-387e5a19915d",
      "resource": {
        "resourceType": "MedicationStatement",
        "meta": {
          "profile": [
            "http://testSK.org/StructureDefinition/prior-medication-statement-profile"
          ]
        },
        "status": "recorded",
        "medication": {
          "concept": {
            "coding": [
              {
                "system": "http://snomed.info/sct",
                "code": "182764009",
                "display": "Anticoagulant therapy (procedure)"
              }
            ]
          }
        },
        "subject": {
          "reference": "urn:uuid:2628edd0-94ef-4514-8ebf-f758107259f4"
        },
        "encounter": {
          "reference": "urn:uuid:04601f2f-443f-482c-a931-86e4c9b23b56"
        },
        "adherence": {
          "code": {
            "coding": [
              {
                "system": "http://hl7.org/fhir/CodeSystem/medication-statement-adherence",
                "code": "not-taking",
                "display": "Not Taking"
              }
            ]
          }
        }
      },
      "request": {
        "method": "POST",
        "url": "MedicationStatement"
      }
    },
    {
      "fullUrl": "urn:uuid:a5782c98-e654-43f0-8f02-3657294b37c7",
      "resource": {
        "resourceType": "MedicationStatement",
        "meta": {
          "profile": [
            "http://testSK.org/StructureDefinition/prior-medication-statement-profile"
          ]
        },
        "status": "recorded",
        "medication": {
          "concept": {
            "coding": [
              {
                "system": "http://snomed.info/sct",
                "code": "1237404009",
                "display": "Uses hormone method of contraception (finding)"
              }
            ]
          }
        },
        "subject": {
          "reference": "urn:uuid:2628edd0-94ef-4514-8ebf-f758107259f4"
        },
        "encounter": {
          "reference": "urn:uuid:04601f2f-443f-482c-a931-86e4c9b23b56"
        },
        "adherence": {
          "code": {
            "coding": [
              {
                "system": "http://hl7.org/fhir/CodeSystem/medication-statement-adherence",
                "code": "not-taking",
                "display": "Not Taking"
              }
            ]
          }
        }
      },
      "request": {
        "method": "POST",
        "url": "MedicationStatement"
      }
    },
    {
      "fullUrl": "urn:uuid:aeeab927-be6d-4a9b-a95d-c953fcd56bb8",
      "resource": {
        "resourceType": "MedicationStatement",
        "meta": {
          "profile": [
            "http://testSK.org/StructureDefinition/prior-medication-statement-profile"
          ]
        },
        "status": "recorded",
        "medication": {
          "concept": {
            "coding": [
              {
                "system": "http://snomed.info/sct",
                "code": "182764009",
                "display": "Anticoagulant therapy (procedure)"
              }
            ]
          }
        },
        "subject": {
          "reference": "urn:uuid:2628edd0-94ef-4514-8ebf-f758107259f4"
        },
        "encounter": {
          "reference": "urn:uuid:04601f2f-443f-482c-a931-86e4c9b23b56"
        },
        "adherence": {
          "code": {
            "coding": [
              {
                "system": "http://hl7.org/fhir/CodeSystem/medication-statement-adherence",
                "code": "not-taking",
                "display": "Not Taking"
              }
            ]
          }
        }
      },
      "request": {
        "method": "POST",
        "url": "MedicationStatement"
      }
    },
    {
      "fullUrl": "urn:uuid:54e58559-8dc8-4a8a-aa4a-4c6bf13387da",
      "resource": {
        "resourceType": "MedicationStatement",
        "meta": {
          "profile": [
            "http://testSK.org/StructureDefinition/prior-medication-statement-profile"
          ]
        },
        "status": "recorded",
        "medication": {
          "concept": {
            "coding": [
              {
                "system": "http://snomed.info/sct",
                "code": "315053001",
                "display": "Administration of prophylactic statin (procedure)"
              }
            ]
          }
        },
        "subject": {
          "reference": "urn:uuid:2628edd0-94ef-4514-8ebf-f758107259f4"
        },
        "encounter": {
          "reference": "urn:uuid:04601f2f-443f-482c-a931-86e4c9b23b56"
        },
        "adherence": {
          "code": {
            "coding": [
              {
                "system": "http://hl7.org/fhir/CodeSystem/medication-statement-adherence",
                "code": "not-taking",
                "display": "Not Taking"
              }
            ]
          }
        }
      },
      "request": {
        "method": "POST",
        "url": "MedicationStatement"
      }
    },
    {
      "fullUrl": "urn:uuid:f74c82ab-6b3d-4513-b5df-f3f0ba7a052e",
      "resource": {
        "resourceType": "MedicationStatement",
        "meta": {
          "profile": [
            "http://testSK.org/StructureDefinition/prior-medication-statement-profile"
          ]
        },
        "status": "recorded",
        "medication": {
          "concept": {
            "coding": [
              {
                "system": "http://snomed.info/sct",
                "code": "722045009",
                "display": "Warfarin therapy (procedure)"
              }
            ]
          }
        },
        "subject": {
          "reference": "urn:uuid:2628edd0-94ef-4514-8ebf-f758107259f4"
        },
        "encounter": {
          "reference": "urn:uuid:04601f2f-443f-482c-a931-86e4c9b23b56"
        },
        "adherence": {
          "code": {
            "coding": [
              {
                "system": "http://hl7.org/fhir/CodeSystem/medication-statement-adherence",
                "code": "not-taking",
                "display": "Not Taking"
              }
            ]
          }
        }
      },
      "request": {
        "method": "POST",
        "url": "MedicationStatement"
      }
    },
    {
      "fullUrl": "urn:uuid:b7575cf9-160b-45df-b008-3cdaae428038",
      "resource": {
        "resourceType": "MedicationRequest",
        "meta": {
          "profile": [
            "http://testSK.org/StructureDefinition/discharge-medication-request-profile"
          ]
        },
        "status": "active",
        "intent": "order",
        "category": [
          {
            "coding": [
              {
                "system": "http://terminology.hl7.org/CodeSystem/medicationrequest-admin-location",
                "code": "community",
                "display": "Community"
              }
            ]
          }
        ],
        "medication": {
          "concept": {
            "coding": [
              {
                "system": "http://testSK.org/CodeSystem/discharge-medication-cs",
                "code": "anticoagulant",
                "display": "Any Anticoagulant"
              }
            ]
          }
        },
        "subject": {
          "reference": "urn:uuid:2628edd0-94ef-4514-8ebf-f758107259f4"
        },
        "encounter": {
          "reference": "urn:uuid:04601f2f-443f-482c-a931-86e4c9b23b56"
        }
      },
      "request": {
        "method": "POST",
        "url": "MedicationRequest"
      }
    },
    {
      "fullUrl": "urn:uuid:e0c67471-5f0a-484d-90d1-cd4612775307",
      "resource": {
        "resourceType": "MedicationRequest",
        "meta": {
          "profile": [
            "http://testSK.org/StructureDefinition/discharge-medication-request-profile"
          ]
        },
        "status": "active",
        "intent": "order",
        "category": [
          {
            "coding": [
              {
                "system": "http://terminology.hl7.org/CodeSystem/medicationrequest-admin-location",
                "code": "community",
                "display": "Community"
              }
            ]
          }
        ],
        "medication": {
          "concept": {
            "coding": [
              {
                "system": "http://testSK.org/CodeSystem/discharge-medication-cs",
                "code": "warfarin",
                "display": "Warfarin"
              }
            ]
          }
        },
        "subject": {
          "reference": "urn:uuid:2628edd0-94ef-4514-8ebf-f758107259f4"
        },
        "encounter": {
          "reference": "urn:uuid:04601f2f-443f-482c-a931-86e4c9b23b56"
        }
      },
      "request": {
        "method": "POST",
        "url": "MedicationRequest"
      }
    }
  ]
}